Route,T_T0_s,velocityAbs,acceleration,longitude,latitude,altitude,hour,season,power
647,8,0,5.3395247701689215,-4.448120316684546,-1.2602256078431375,51.76035117647059,114.07123476470588,15.0,3.0,-40958.141323216856
648,8,1,4.979683970628294,-3.140923585327158,-1.2602320799999998,51.760398620000004,114.10166815999999,15.0,3.0,-23269.356639160913
649,8,2,4.764143184001449,0.3629303344459449,-1.2602364000000006,51.76044194000001,114.18194757999999,15.0,3.0,9779.994656061814
650,8,3,5.1151441327667415,5.391700044925864,-1.26023644,51.760484540000014,114.28020828000002,15.0,3.0,63584.65376556364
651,8,4,5.668865443623983,5.844641650938012,-1.2602371200000002,51.76053172000001,114.33030392000002,15.0,3.0,77014.22802416737
652,8,5,6.171401162406319,4.4978925844982856,-1.2602429400000001,51.76058496,114.36406212,15.0,3.0,64850.67408306543
653,8,6,6.540832735268953,3.141800760606297,-1.2602451800000005,51.760642579999995,114.29878356000005,15.0,3.0,49890.9943745019
654,8,7,6.779046836901375,1.8428744462318805,-1.26024372,51.76070334,114.15652468,15.0,3.0,33151.59993567639
655,8,8,6.849184631881277,-0.06856792584804366,-1.2602443799999994,51.76076508000001,114.10863970000003,15.0,3.0,7972.446429975751
656,8,9,6.873082811112465,1.3160081477027255,-1.2602468999999992,51.76082664,114.14320696000003,15.0,3.0,29445.452068175757
657,8,10,7.117899716879223,3.1183402845438,-1.2602477600000008,51.76088930000002,114.21195326000002,15.0,3.0,53027.94561501518
658,8,11,7.46093795307337,3.990432664172336,-1.26024642,51.76095436000001,114.35951070000006,15.0,3.0,68245.11285260001
659,8,12,7.8010424574882675,2.678172599250095,-1.2602471428571431,51.761022408163264,114.42864163265305,15.0,3.0,59085.60461014732
660,8,13,7.997217555709802,1.5785069362973712,-1.2602519019607845,51.76109443137255,114.30412568627449,15.0,3.0,24530.76243608121
661,8,14,8.153330579897013,1.6388080254342565,-1.26025996,51.761168100000006,114.16821241999997,15.0,3.0,15755.23120295931
662,8,15,8.237344015134845,0.5141683741732261,-1.2602696200000003,51.76124175999999,114.05455296,15.0,3.0,1182.76462149773
663,8,16,8.313723229936448,0.4181179076098138,-1.2602791799999997,51.76131606,113.88281144000003,15.0,3.0,7287.048213701408
664,8,17,8.270627251990408,-1.8183386730763402,-1.2602912599999998,51.76139072000001,113.79603631999998,15.0,3.0,-30815.677905610442
665,8,18,7.674963512110773,-10.152909518013622,-1.26030316,51.76146286,113.73806125999995,15.0,3.0,-156496.15477310077
666,8,19,6.5971323893666876,-12.501441905357197,-1.2603115399999998,51.76152672000001,113.59814764000001,15.0,3.0,-171681.38838406044
667,8,20,5.123464583080542,-17.29145057286137,-1.2603202999999996,51.76157934000002,113.528118,15.0,3.0,-177692.61890722468
668,8,21,3.2662985362918975,-20.254345934999343,-1.2603293000000004,51.761616940000025,113.47514338,15.0,3.0,-140727.55691084455
669,8,22,1.5121415911166316,-15.790228514930163,-1.2603356200000007,51.761637939999964,113.92423793999997,15.0,3.0,-51751.6271827488
670,8,23,0.4119798485104865,-6.729729040872454,-1.260338640000001,51.76164587999996,114.67592305999999,15.0,3.0,-6404.499507151416
671,8,24,0.10097764915318741,-0.6478614750467451,-1.2603394399999999,51.76164699999998,114.82744433999999,15.0,3.0,-266.3991290829796
672,8,25,0.08802639656567768,-0.04229568999089217,-1.2603386199999997,51.76164699999998,114.88100173999999,15.0,3.0,-597.8103989861306
673,8,26,0.08841053101056144,0.04192741750617169,-1.2603388200000005,51.76164748000002,114.38078912,15.0,3.0,398.01813928165114
674,8,27,0.08976882640710807,-0.02074648696678835,-1.2603387999999998,51.76164800000001,113.78813360000002,15.0,3.0,753.9490435460128
675,8,28,0.086784344461663,-0.032325682936960566,-1.2603384799999997,51.76164800000001,113.75851162,15.0,3.0,-252.94192510327298
676,8,29,0.08476133817959591,0.0020752916635026837,-1.2603380599999994,51.76164800000001,113.85899034,15.0,3.0,-500.3315771360491
677,8,30,0.08370558063617257,-0.018877713744687673,-1.2603381799999993,51.76164800000001,113.97803968000002,15.0,3.0,350.8187294597981
678,8,31,0.08258629289003308,-0.02798588480313414,-1.2603378200000004,51.76164800000001,113.95222406,15.0,3.0,675.6172074952573
679,8,32,0.08023942022699099,-0.017256818354091708,-1.2603376399999997,51.76164800000001,113.90103739999996,15.0,3.0,885.0189884923649
680,8,33,0.07887087722249034,-0.029828661512988824,-1.2603377999999994,51.76164800000001,113.86356676000001,15.0,3.0,680.9413593814197
681,8,34,0.07654157554567527,0.003328421051773938,-1.2603378999999992,51.76164800000001,113.82924210000004,15.0,3.0,668.0123687604656
682,8,35,0.07615274126538449,-0.017655884551878054,-1.26033762,51.76164800000001,113.81647416,15.0,3.0,537.9768661402919
683,8,36,0.07471583494657183,-0.0037382915038397225,-1.260337999999999,51.76164800000001,113.77102833999996,15.0,3.0,209.22821640369858
684,8,37,0.07396046335591715,-0.006281152571138215,-1.2603380999999994,51.76164800000001,113.69293223999999,15.0,3.0,330.5465035095542
685,8,38,0.07343368765962448,-0.007486489744770437,-1.2603382399999994,51.76164800000001,113.69823009999996,15.0,3.0,-380.13163351665685
686,8,39,0.07428400065697847,0.021529800313512863,-1.2603388800000013,51.76164800000001,113.69482566,15.0,3.0,-758.4984352036215
687,8,40,0.07632956533486919,0.022815939434933773,-1.2603399799999995,51.76164800000001,113.68277384,15.0,3.0,-653.9127687135726
688,8,41,0.07935249892554358,0.030704314291245052,-1.2603405399999985,51.76164800000001,113.70545781999999,15.0,3.0,-399.19174641148004
689,8,42,0.08279366473949903,0.04331773013393165,-1.2603413800000003,51.76164800000001,113.75373324000003,15.0,3.0,-15.338053989795105
690,8,43,0.08670979541279226,0.04078681950851887,-1.2603423200000001,51.76164800000001,113.80555616,15.0,3.0,217.11309344838486
691,8,44,0.08946073359463,0.026547874364757217,-1.2603430999999998,51.76164848000001,113.86373434,15.0,3.0,406.6398830767032
692,8,45,0.09162208509353846,0.03081448516464695,-1.2603440000000015,51.76164900000003,113.92725151999998,15.0,3.0,747.208452102105
693,8,46,0.09570088146970303,0.04635885578341025,-1.2603445400000004,51.76164900000003,113.99473436000002,15.0,3.0,863.5055888582527
694,8,47,0.09460728569831779,-0.07382403764625094,-1.2603447200000013,51.76164900000003,113.99484318000003,15.0,3.0,682.8601457419597
695,8,48,0.0912817755045288,0.007513932778651844,-1.2603446600000014,51.76164900000003,113.94404344000003,15.0,3.0,858.8057305900948
696,8,49,0.08847761875264841,-0.06650795193136844,-1.2603445800000017,51.76164900000003,113.92237074000002,15.0,3.0,690.8865075187955
697,8,50,0.08305265639571158,-0.03483318913706299,-1.2603436399999994,51.76164900000003,113.86158726,15.0,3.0,165.77970516001173
698,8,51,0.07840183264395278,-0.04207211740024572,-1.2603435199999997,51.76164900000003,113.83103768,15.0,3.0,-187.34832779813075
699,8,52,0.07415862061309948,-0.04192002598741793,-1.2603434199999997,51.76164900000003,113.80367448000003,15.0,3.0,-60.42199451741606
700,8,53,0.068980881106585,-0.0622785867599406,-1.2603425800000003,51.76164900000003,113.75967087999999,15.0,3.0,120.4251420219264
701,8,54,0.06415623360483927,-0.03696465391228611,-1.2603423400000002,51.76164900000003,113.73062913999996,15.0,3.0,-232.62656715235124
702,8,55,0.0614713541890718,-0.022189955813177367,-1.260342000000001,51.76164900000003,113.72026301999999,15.0,3.0,-485.8275103166299
703,8,56,0.059456048908787015,-0.014355037767036947,-1.260342000000001,51.76164900000003,113.71129128000001,15.0,3.0,-419.63843353225855
704,8,57,0.056471174191303805,-0.042356142064243985,-1.260341579999999,51.76164858000003,113.68725358,15.0,3.0,-142.51141218651605
705,8,58,0.05326539834404678,-0.008188201494713112,-1.2603411599999992,51.76164842,113.66007510000001,15.0,3.0,-84.0451870528016
706,8,59,0.05105193897003866,-0.03861959122146093,-1.260341579999999,51.76164858000003,113.64193159999995,15.0,3.0,170.93100187677382
707,8,60,0.03279127037104497,-0.30855145428573133,-1.2603392999999996,51.76164753999997,113.46213303999996,15.0,3.0,-11.34738580011549
708,8,61,0.011905638682165837,-0.03988968070773558,-1.2603374200000004,51.76164653999999,113.24286204000002,15.0,3.0,-17.52302745037794
709,8,62,0.009053980710140835,-0.006194104041643287,-1.260337,51.761646459999966,113.21730152000002,15.0,3.0,6.953207950545515
710,8,63,0.007165245517715428,-0.019107113818674113,-1.2603374599999988,51.76164699999998,113.23404527999996,15.0,3.0,-42.22892556100882
711,8,64,0.007402207438530344,0.019118320212510507,-1.2603384600000012,51.761647440000026,113.26464867999998,15.0,3.0,-13.559341198752124
712,8,65,0.00706340991334487,-0.013370798557866945,-1.2603390000000014,51.76164800000001,113.29403655999998,15.0,3.0,10.271885847960023
713,8,66,0.0063075453632383035,-0.002426370242757961,-1.2603390000000014,51.76164800000001,113.30431079999998,15.0,3.0,-3.931732583684066
714,8,67,0.006650150578439857,0.010305197307245623,-1.2603385599999994,51.76164753999997,113.30888969999995,15.0,3.0,34.690729628075445
715,8,68,0.006480283105278315,-0.006400929188992103,-1.260337999999999,51.76164699999998,113.30862772,15.0,3.0,26.55750627983392
716,8,69,0.007638237135726173,0.021445505908216037,-1.2603384600000012,51.761647420000024,113.31767351999999,15.0,3.0,9.583043182349943
717,8,70,0.0089760101538488,0.014090973483741609,-1.2603385799999995,51.76164753999997,113.32618515999998,15.0,3.0,1.6318601138566813
718,8,71,0.010367317699996062,0.007384049997333514,-1.260337999999999,51.76164699999998,113.31051110000003,15.0,3.0,-85.6526455365294
719,8,72,0.011712337542578301,0.023650713533751973,-1.260337999999999,51.76164699999999,113.30547830612245,15.0,3.0,112.18894819645567
720,8,73,0.01216560218633155,-0.0064369801039970385,-1.2603375600000002,51.76164699999998,113.30494392,15.0,3.0,106.70457610564367
721,8,74,0.010871936453181526,-0.004228709152655316,-1.260337,51.76164699999998,113.31300321999998,15.0,3.0,-69.97957321877357
722,8,75,0.009980088584200231,0.0014639862011457552,-1.2603374199999988,51.76164699999998,113.33484172000003,15.0,3.0,-33.25748613371606
723,8,76,0.009775636379583588,-0.006931100351283294,-1.26033794117647,51.76164699999998,113.35088992156865,15.0,3.0,7.21507995843431
724,8,77,0.00900959814472861,-0.000691873897507663,-1.26033754,51.76164699999998,113.35945046,15.0,3.0,-61.504243538288705
725,8,78,0.008955140083809862,0.002752437804557571,-1.260337,51.76164699999999,113.36139816326529,15.0,3.0,35.642591924829134
726,8,79,0.008312525062427436,-0.004342229181348754,-1.260337,51.76164699999998,113.35854862745094,15.0,3.0,-52.259084952632165
727,8,80,0.00879277932445531,0.017422483947744215,-1.260337,51.76164699999998,113.35246864000003,15.0,3.0,34.89446313178923
728,8,81,0.009587484078117629,0.0029431716486108634,-1.260337,51.76164738000003,113.34383294,15.0,3.0,-0.05032984460966674
729,8,82,0.009183663769739817,-0.019153969167596006,-1.260337,51.76164800000001,113.33183378,15.0,3.0,-5.539142221627539
730,8,83,0.0072465151626732345,-0.013139800361133358,-1.260337,51.76164800000001,113.31915214,15.0,3.0,54.20231836862548
731,8,84,0.00574433572142129,0.0014975974410019824,-1.260337,51.76164800000001,113.31563736,15.0,3.0,7.108144575738118
732,8,85,0.005687093279251369,-0.007566632594051115,-1.260337,51.76164800000001,113.31610720000002,15.0,3.0,-25.146518690976514
733,8,86,0.004800535071338776,-0.018537715347151394,-1.260336540000001,51.76164800000001,113.3129404,15.0,3.0,-13.308937662406978
734,8,87,0.004592484485844514,0.01612542100643134,-1.260336000000001,51.76164800000001,113.30626379999998,15.0,3.0,21.46421120062455
735,8,88,0.003825541490793174,-0.02027265361058399,-1.260336000000001,51.761647559999965,113.3006213,15.0,3.0,5.630880229762572
736,8,89,0.0027135884855819343,-0.005790797954900039,-1.2603360000000008,51.76164704081631,113.2920577346939,15.0,3.0,-1.5335343544241313
737,8,90,0.0022831861138633332,0.009909737131700925,-1.260336000000001,51.76164699999998,113.28731642000001,15.0,3.0,-3.5976466754255862
738,8,91,0.0032603516889620388,-0.005014260454592522,-1.2603353529411756,51.76164699999998,113.28332149019607,15.0,3.0,13.254414743467073
739,8,92,0.0030236959309513176,-0.004825755044745101,-1.2603354600000012,51.76164699999998,113.28207161999998,15.0,3.0,9.287245175721184
740,8,93,0.003615295855550631,0.016058194400081622,-1.260336000000001,51.76164748000002,113.28556384000001,15.0,3.0,11.373289453878394
741,8,94,0.004797977639051551,0.00017350310552366173,-1.260336000000001,51.76164800000001,113.28999388,15.0,3.0,-3.2834753532921024
742,8,95,0.004029490507544912,-0.003756492224302876,-1.260336000000001,51.76164800000001,113.29374057999999,15.0,3.0,17.37096349288764
743,8,96,0.0034134234065359716,0.003714168517098552,-1.260336000000001,51.76164800000001,113.29327177999998,15.0,3.0,3.029835957853454
744,8,97,0.004692618395061391,0.00527992085773225,-1.260336000000001,51.76164800000001,113.29577928000002,15.0,3.0,-25.661454711667083
745,8,98,0.005526797014884212,-0.00456286707159617,-1.260336000000001,51.76164800000001,113.30011514000002,15.0,3.0,-12.653536490270037
746,8,99,0.004342258131490376,-0.002582171705252285,-1.260336000000001,51.76164800000001,113.30079349999998,15.0,3.0,9.194954399542908
747,8,100,0.0036763993118596227,-0.015966076494940893,-1.260336000000001,51.76164800000001,113.29978111999999,15.0,3.0,18.522919542082178
748,8,101,0.0027882035079882252,-0.0010005626730277925,-1.260336000000001,51.76164800000001,113.29661019999998,15.0,3.0,-1.4993333649373812
749,8,102,0.00184852687709727,-0.013605015637026718,-1.260336000000001,51.76164800000001,113.29495170000001,15.0,3.0,-3.7184014127569873
750,8,103,0.0017342332018492456,0.002573055600949679,-1.260336000000001,51.76164800000001,113.29319240000002,15.0,3.0,1.1353107019015019
751,8,104,0.0023425448678022053,0.0026885173412049303,-1.260336000000001,51.76164800000001,113.29133312000002,15.0,3.0,-4.0667878803557596
752,8,105,0.0013792606421424319,-0.00487624770578631,-1.260336000000001,51.76164800000001,113.29141718000002,15.0,3.0,-2.1426945470363994
753,8,106,0.001727017447247636,0.005568719550630118,-1.260336000000001,51.76164800000001,113.29208041999999,15.0,3.0,-7.691579419175063
754,8,107,0.0031082287302402257,0.02147015667217433,-1.260336000000001,51.76164800000001,113.29280574000002,15.0,3.0,-6.693840356065226
755,8,108,0.004170962480888535,-0.004685875388238508,-1.260336000000001,51.76164800000001,113.29149112000003,15.0,3.0,-10.301250807877247
756,8,109,0.004204733277022641,0.0054100232634550485,-1.260336000000001,51.76164800000001,113.29129326,15.0,3.0,9.146356147638562
757,8,110,0.0045404658642885,0.011893559790049307,-1.260336000000001,51.76164800000001,113.28967452000002,15.0,3.0,3.3455067740334914
758,8,111,0.006597757246235284,0.013647507287830563,-1.260336000000001,51.76164800000001,113.28988781999996,15.0,3.0,38.12630494851415
759,8,112,0.006700598119283614,-0.009826498933666187,-1.260336000000001,51.76164800000001,113.29235324000001,15.0,3.0,-12.098489212001192
760,8,113,0.00601888243905874,0.003692614778587966,-1.260336000000001,51.76164800000001,113.29434714000003,15.0,3.0,-38.7070926260542
761,8,114,0.005175019602729492,-0.012176742415969603,-1.260336000000001,51.76164800000001,113.29563240000003,15.0,3.0,-22.31231940737289
762,8,115,0.004474694674367035,-0.004975781646299587,-1.260336000000001,51.76164800000001,113.29378033999997,15.0,3.0,17.045621593612278
763,8,116,0.00408178593331322,-0.0006831554458903858,-1.260336000000001,51.76164800000001,113.29162847999996,15.0,3.0,7.998167583870213
764,8,117,0.004250613870345255,-0.008626603638246171,-1.260336000000001,51.76164800000001,113.28820572,15.0,3.0,16.011080223847813
765,8,118,0.004048976790648579,0.010148861209102897,-1.260336000000001,51.76164800000001,113.28600223999996,15.0,3.0,-5.669723887172528
766,8,119,0.005018736637439937,0.006593513883417616,-1.260336000000001,51.76164800000001,113.28545989999996,15.0,3.0,2.078379893392961
767,8,120,0.005587775821265908,0.013043477355293133,-1.260336000000001,51.76164800000001,113.28396024,15.0,3.0,1.433389595462036
768,8,121,0.006144808597079217,-0.009237597837995293,-1.260336000000001,51.76164800000001,113.28331184000002,15.0,3.0,23.228881449932175
769,8,122,0.005638947465549679,0.003941769580389075,-1.260336000000001,51.76164800000001,113.28128136000004,15.0,3.0,-14.954946314670064
770,8,123,0.005125279071718776,-0.0064776130021785994,-1.260335539999999,51.76164800000001,113.27895496000001,15.0,3.0,20.64747792989574
771,8,124,0.03024156728582793,1.2186751659392694,-1.260336000000001,51.76164800000001,113.28065264000003,15.0,3.0,-40.77269552280637
772,8,125,0.42291312720776636,7.589185418180905,-1.2603360400000008,51.76164907999997,113.28290546,15.0,3.0,7467.495816248483
773,8,126,1.3648336971383415,8.910611973261297,-1.26033782,51.761656999999985,113.28568396000003,15.0,3.0,25112.292174415743
774,8,127,2.0606196863708703,5.763422852252329,-1.2603412399999998,51.76167248000001,113.29040071999998,15.0,3.0,24683.602417529462
775,8,128,2.583967283448091,5.172958489044649,-1.2603460800000004,51.76169311999999,113.27039750000003,15.0,3.0,23388.083425139877
776,8,129,3.0129111364220957,3.4054051739656535,-1.2603521,51.76171812000001,113.26680546000001,15.0,3.0,23227.18660257299
777,8,130,3.2913866280273747,3.4940502256494823,-1.2603591600000004,51.761746159999994,113.25475327999997,15.0,3.0,19809.524568454923
778,8,131,3.736599400401467,4.348765866393601,-1.2603671399999998,51.76177721999997,113.23788754000003,15.0,3.0,32256.807133350983
779,8,132,3.954419322088353,0.42347909230068514,-1.2603745000000004,51.76181176,113.22561543999998,15.0,3.0,1193.88621569154
780,8,133,3.9081012988516104,-1.1202599795472177,-1.2603741,51.761847020000026,113.22476438000001,15.0,3.0,-3584.247489792004
781,8,134,3.8241620211647205,0.784045158791752,-1.26035606,51.76187936,113.25754105999998,15.0,3.0,18886.779898572328
782,8,135,4.1845368986710545,5.743477438812972,-1.26031766,51.76190518000001,113.29615648,15.0,3.0,49477.20053020648
783,8,136,4.791084831442996,6.0215456710481305,-1.2602597800000004,51.76192275999999,113.27808569999999,15.0,3.0,58333.58593068049
784,8,137,5.23990408276892,2.704496828013985,-1.2601877200000002,51.76192804,113.28580507999999,15.0,3.0,32863.24937069985
785,8,138,5.321915477809325,-0.6075034238456444,-1.2601121199999996,51.7619203,113.29544518000004,15.0,3.0,-4572.389572684659
786,8,139,5.307805751581517,1.3189219451837948,-1.26004066,51.76190294000003,113.26243046000003,15.0,3.0,-7179.2426469533
787,8,140,5.522424669932276,2.3159392987065703,-1.2599746600000001,51.76187681999999,113.08631559999999,15.0,3.0,-11215.383688325692
788,8,141,5.863339605128703,5.166622246543326,-1.2599170999999998,51.76184061999999,112.87932602000002,15.0,3.0,19440.80341406999
789,8,142,6.463841607552597,6.180517522570759,-1.2598718599999998,51.76179267999998,112.67615660000006,15.0,3.0,45808.55856237383
790,8,143,6.9812658372155205,4.471386734700896,-1.2598371600000002,51.761736120000016,112.52430853999996,15.0,3.0,43533.94024124109
791,8,144,7.425268453681957,4.784264238227581,-1.2598066,51.76167416000003,112.43771580000002,15.0,3.0,55438.76580556802
792,8,145,7.884244320354247,4.891973795117954,-1.25977454,51.76160807999999,112.33935726,15.0,3.0,60728.01301079281
793,8,146,8.336538781224222,3.8045686399410936,-1.2597379999999998,51.761538560000005,112.24059621999993,15.0,3.0,49792.85683821745
794,8,147,8.680347198281796,3.191172216872703,-1.25969626,51.76146635999999,112.15216534000001,15.0,3.0,39069.58410240386
795,8,148,8.981181587495081,3.5419729696809386,-1.2596506599999997,51.76139211999999,112.05622014,15.0,3.0,50004.96224212264
796,8,149,9.279849979618687,2.7318767394029333,-1.25960074,51.761315980000006,111.97745761999997,15.0,3.0,35561.136093632085
797,8,150,9.513161966144832,1.8645170313667967,-1.25954642,51.76123811999999,111.88120612,15.0,3.0,21891.100426101777
798,8,151,9.668981138845073,1.3754759339151967,-1.2594880400000001,51.7611597,111.78990003999999,15.0,3.0,11186.248853193778
799,8,152,9.766816008925796,0.8958299692067133,-1.2594249599999998,51.76108158000001,111.69612568000001,15.0,3.0,1710.5035056528643
800,8,153,9.809041875387127,0.06436442643431008,-1.2593563799999998,51.761004439999994,111.59729788000003,15.0,3.0,-13292.000532122534
801,8,154,9.87294789271946,1.252888861824699,-1.25928162,51.760929,111.51108012,15.0,3.0,10951.492314720315
802,8,155,10.04660195926781,2.0638026619545617,-1.25920102,51.760854339999995,111.40589896000003,15.0,3.0,21854.708306716453
803,8,156,10.194635341956879,1.2316983434388542,-1.25911552,51.760780340000004,111.29783474000001,15.0,3.0,10788.05938397591
804,8,157,10.289228160788763,0.62735170085802,-1.25902576,51.76070741999999,111.20356422,15.0,3.0,-7053.464190130664
805,8,158,10.274915743120623,-0.8898858453003438,-1.2589340800000002,51.76063469999999,111.07857342,15.0,3.0,-42064.380305618215
806,8,159,10.193751597424006,-0.885097595618054,-1.2588420400000002,51.76056266,110.93437337999998,15.0,3.0,-41193.963928893405
807,8,160,10.125873239185541,-0.13867780726139653,-1.25875,51.76049143999999,110.80220418000003,15.0,3.0,-31040.825501800937
808,8,161,10.155498002310466,0.3513420979711484,-1.2586574599999998,51.760420620000005,110.64023324000001,15.0,3.0,-19180.4446353859
809,8,162,10.155649058853024,-0.3233096894724055,-1.25856354,51.76035027999998,110.48500669999997,15.0,3.0,-31953.734472910288
810,8,163,10.14680071992465,0.2418403617097023,-1.2584680000000001,51.760280920000014,110.34074928,15.0,3.0,-22103.26233747445
811,8,164,10.178579892861066,0.33837227686878824,-1.2583707,51.76021241999998,110.16183972,15.0,3.0,-31081.16256067045
812,8,165,10.186852415411261,-0.455807039647664,-1.25826964,51.76014576000002,109.9631464,15.0,3.0,-46339.172393753266
813,8,166,10.09331486799754,-1.1588471296553506,-1.2581645000000001,51.760082099999984,109.80249925999995,15.0,3.0,-45693.83481145637
814,8,167,9.973105396873722,-1.4979181272285842,-1.2580566400000002,51.76002162,109.65421188,15.0,3.0,-57487.95467404437
815,8,168,9.86457214333661,-0.5933592370715433,-1.2579464599999999,51.759964580000016,109.50679822000001,15.0,3.0,-40483.08567117864
816,8,169,9.824082457197662,-0.2448635715297929,-1.257834,51.759910219999995,109.33265521999999,15.0,3.0,-38507.639299325005
817,8,170,9.780761058807217,-0.9849478379396518,-1.2577211999999998,51.75985669999999,109.16723388,15.0,3.0,-48593.51055451476
818,8,171,9.675847277038201,-0.9660969574203482,-1.2576122200000002,51.75980136000001,108.98894013999998,15.0,3.0,-50691.187175211235
819,8,172,9.622753660018187,-0.44161869525167624,-1.25750956,51.75974258000002,108.80532822,15.0,3.0,-52529.7424478722
820,8,173,9.558300773968249,-0.36376422168345784,-1.2574163399999998,51.75967883999998,108.59873530000003,15.0,3.0,-35505.965114498125
821,8,174,9.588521460688803,0.4579227166841615,-1.2573357400000003,51.75960906000001,108.44320579999997,15.0,3.0,-18306.454996497494
822,8,175,9.601814798976804,-0.153008470009385,-1.2572694199999999,51.759533360000006,108.29943002,15.0,3.0,-29414.821192149073
823,8,176,9.510285700883877,-1.1201222804421391,-1.25721588,51.7594542,108.14092072000003,15.0,3.0,-54131.748485931515
824,8,177,9.355567643703756,-1.806429355870783,-1.25717032,51.75937424,107.95695563999999,15.0,3.0,-70464.95590327354
825,8,178,9.206892345312529,-1.3017492536345958,-1.2571289199999998,51.75929489999999,107.74603904000003,15.0,3.0,-61619.18709972472
826,8,179,9.148774701402917,-0.4703195937079314,-1.2570904000000003,51.75921606,107.56655323999998,15.0,3.0,-41311.81947945559
827,8,180,9.063953553979038,-1.1913687823180792,-1.2570550799999998,51.759137159999995,107.38576114,15.0,3.0,-53669.68855656427
828,8,181,8.967912931816002,-1.0082670854845823,-1.2570225800000001,51.75905872000002,107.19988546000005,15.0,3.0,-59010.00556562712
829,8,182,8.828696006518154,-1.9481657201571199,-1.25699138,51.7589811,106.97065396000004,15.0,3.0,-73759.74111434663
830,8,183,8.691713276543062,-0.4805121295915524,-1.2569603200000001,51.758904859999994,106.79457584000002,15.0,3.0,-43799.24160963923
831,8,184,8.656828288996357,-0.41320254291448455,-1.2569286999999998,51.75882949999999,106.60113642,15.0,3.0,-45142.49435133484
832,8,185,8.602399096885268,-0.6756957195281096,-1.2568970799999999,51.7587545,106.37696590000003,15.0,3.0,-57538.71409539556
833,8,186,8.518308867138266,-1.2708114146645753,-1.25686462,51.75868016,106.13002663999998,15.0,3.0,-67450.78554252128
834,8,187,8.338504339899425,-2.512703478049266,-1.25683142,51.758607160000004,105.92309382000002,15.0,3.0,-77718.34958591085
835,8,188,8.044045089483376,-3.0463298978204008,-1.2567986400000002,51.758536439999986,105.72778214000002,15.0,3.0,-93722.13975158939
836,8,189,7.7199044762249756,-4.748950538117622,-1.2567664600000001,51.7584684,105.48428432,15.0,3.0,-123589.15840746101
837,8,190,7.0735902229424354,-7.486526467012215,-1.25673558,51.75840451999999,105.22104746000001,15.0,3.0,-157733.47858291323
838,8,191,6.299334672185859,-8.540060355096713,-1.25670708,51.75834704000001,104.98939442000001,15.0,3.0,-152754.73058144542
839,8,192,5.463966276352954,-8.387424068239342,-1.2566817799999999,51.75829662,104.76939012000001,15.0,3.0,-139686.44706241964
840,8,193,4.667497582316766,-7.973180996496662,-1.25665994,51.758253280000005,104.53118182,15.0,3.0,-123284.55954933823
841,8,194,3.9007124752161597,-7.609051258106251,-1.2566417399999998,51.75821654000003,104.29268298000002,15.0,3.0,-110330.85242491057
842,8,195,3.1583876872098524,-7.723458922502343,-1.25662724,51.75818611999999,104.0425287,15.0,3.0,-99525.04130291319
843,8,196,2.3492601912541606,-9.57597591357476,-1.2566165399999998,51.75816232000001,103.77318948000001,15.0,3.0,-73984.90920697185
844,8,197,1.34304233985065,-8.916570600860137,-1.2566104399999998,51.758146399999994,103.50954103999999,15.0,3.0,-16428.12148342405
845,8,198,0.7559889437419031,-3.9851392025333023,-1.2566089999999992,51.75813775999999,103.24664406,15.0,3.0,-7324.730217407036
846,8,199,0.45194374897906053,-2.216155856445714,-1.2566093800000009,51.7581331,102.98794470000003,15.0,3.0,-761.6379256445299
847,8,200,0.34711758132900583,-0.16939873156110313,-1.2566117799999996,51.75813122000003,102.72898768000005,15.0,3.0,-2173.8652403063443
848,8,201,0.35020855704444465,0.07560960049355406,-1.2566148599999996,51.75813044000002,102.46989566,15.0,3.0,-2870.9212409397946
849,8,202,0.3562847620989038,0.07307264788123223,-1.2566180200000003,51.75812963999997,102.20859200000001,15.0,3.0,-3550.453276681526
850,8,203,0.36974088718204307,0.3469011124254747,-1.2566212999999997,51.758128800000016,101.94322511999997,15.0,3.0,-2443.7209855327565
851,8,204,0.635702630534224,6.6775351150522395,-1.2566237400000007,51.75812637999999,101.66920290000002,15.0,3.0,10607.490745491656
852,8,205,1.5407587445383493,9.76712390879272,-1.2566223800000005,51.75811724000001,101.39562289999999,15.0,3.0,33852.84251231396
853,8,206,2.5092471879714577,10.031194600720601,-1.2566161399999993,51.75809967999999,101.11968331999996,15.0,3.0,21274.271476728853
854,8,207,3.2994647292741437,6.26113126026387,-1.2566054400000006,51.75807428000001,100.84133333999998,15.0,3.0,-8154.116437241449
855,8,208,3.945203940862797,7.537926724681713,-1.2565913400000002,51.75804314,100.55505969999996,15.0,3.0,3460.9424987423467
856,8,209,4.549136362535728,2.9227316218213755,-1.2565735199999999,51.75800634,100.27279579999997,15.0,3.0,-34567.61225607477
857,8,210,4.6056953371317,0.5792344091437117,-1.2565540999999998,51.75796695999998,99.98493908000002,15.0,3.0,-52140.12656101203
858,8,211,4.551949466334353,-2.104900781600081,-1.2565342199999998,51.757927519999996,99.71143179999999,15.0,3.0,-76193.89789411897
859,8,212,4.354489518379104,-1.832276449298259,-1.25651492,51.75788942,99.41472825999999,15.0,3.0,-80395.63849179538
860,8,213,4.2917207151327785,0.4589888215818533,-1.2564965599999998,51.75785258000003,99.10084812000002,15.0,3.0,-59414.97838277543
861,8,214,4.312756253710586,0.5398144628350734,-1.2564787599999998,51.757815600000015,98.79057316000002,15.0,3.0,-57507.74772863794
862,8,215,4.553884211668394,2.7665862668327335,-1.2564610600000001,51.75777766,98.47973051999999,15.0,3.0,-38192.5694151744
863,8,216,4.555245070363995,-2.1930925936071346,-1.2564429400000003,51.757737959999986,98.17185802000006,15.0,3.0,-82605.71204976512
864,8,217,4.273327866719619,-3.599773675329977,-1.25642302,51.757700299999996,97.86383902,15.0,3.0,-94392.90001929071
865,8,218,3.8707150415563865,-3.245414688673398,-1.2563918800000002,51.75767002000001,97.54775524,15.0,3.0,-83349.5973975524
866,8,219,3.915130879319911,3.979195545260116,-1.2563445199999999,51.75765365999999,97.25882012,15.0,3.0,-25208.924960314725
867,8,220,4.58798159341261,9.181941946134147,-1.25628486,51.75765398000001,96.95351348,15.0,3.0,17903.16925984824
868,8,221,5.523111673902937,9.652093597270683,-1.2562153399999993,51.75766732,96.54057583999996,15.0,3.0,28298.694921057686
869,8,222,6.381633410809699,7.797996763833096,-1.2561345600000002,51.757685899999984,96.07861610000002,15.0,3.0,9470.660729028548
870,8,223,7.11910886281166,7.619310109371859,-1.25604318,51.75770718000002,95.6112952,15.0,3.0,8778.758100196872
871,8,224,7.706469167963963,4.538641832478404,-1.25594258,51.757730599999974,95.14679338000002,15.0,3.0,-17116.315893812316
872,8,225,8.073053915448517,3.241815057974875,-1.25583538,51.75775500000002,94.71873202,15.0,3.0,-40798.805412680944
873,8,226,8.416890054441742,3.5417342761157147,-1.2556943600000001,51.75782816000002,94.35362729999996,15.0,3.0,-34906.11244942621
874,8,227,8.600664439162562,0.5681615465625882,-1.2555470399999995,51.75790753999998,94.02585082000003,15.0,3.0,-75656.74733137005
875,8,228,8.735156017821556,2.1620717694163765,-1.2553570200000002,51.757924939999974,94.98311217999998,15.0,3.0,-45580.693666704225
876,8,229,8.837544969535061,0.3667940751830762,-1.2551578799999996,51.75793584,96.17071538,15.0,3.0,-59931.209916789245
877,8,230,8.972637213069365,1.9721057847664154,-1.2550310999999998,51.75796346,95.92456459999998,15.0,3.0,-38692.84181209112
878,8,231,9.135949436602315,1.2200968385828008,-1.25490536,51.75799173999999,95.59884319999999,15.0,3.0,-56450.86040557978
879,8,232,9.231889282213857,0.6345974782675318,-1.25478032,51.75802042000002,95.22623792,15.0,3.0,-54114.8249167707
880,8,233,9.25800234182815,0.09545716001686447,-1.254645,51.75804727999999,95.09582541999997,15.0,3.0,-62197.12188070321
881,8,234,9.251603786474252,0.32196707745331615,-1.25449988,51.75807202000001,95.18564875999999,15.0,3.0,-56871.28694892422
882,8,235,9.36592271900552,1.3220037823422521,-1.2543638,51.75810084000002,95.00907924,15.0,3.0,-60550.194422599896
883,8,236,9.45822119288527,0.7025553768076398,-1.2542344400000003,51.75813521999999,94.70080764000004,15.0,3.0,-64459.5103671233
884,8,237,9.478394414302281,-0.4678919445394456,-1.2541034999999996,51.75817207999999,94.53027054,15.0,3.0,-79799.5678482544
885,8,238,9.41007473074825,-0.3322573119995351,-1.2539788199999995,51.758212679999986,94.30770504000002,15.0,3.0,-76817.31425973399
886,8,239,9.403453984561557,-0.6818129190120797,-1.2538584800000003,51.75825504,93.99836006000001,15.0,3.0,-91985.50435190469
887,8,240,9.208245744665572,-2.80271844918928,-1.25373858,51.7582969,93.72321383999999,15.0,3.0,-123514.01741473429
888,8,241,8.961443322612913,-2.349229498065206,-1.2536239000000002,51.75833850000001,93.40058363999997,15.0,3.0,-119632.5747813899
889,8,242,8.710918132750331,-3.1328152921639565,-1.2535136800000002,51.75837930000003,93.01850208000002,15.0,3.0,-137212.89252855637
890,8,243,8.208783648479589,-6.666822380422729,-1.25340456,51.758417200000004,92.7507117,15.0,3.0,-192485.95976904235
891,8,244,7.604971443577236,-4.7025135153127575,-1.25330348,51.75845239999999,92.49406698000003,15.0,3.0,-144492.35710099468
892,8,245,7.204536501575156,-4.44953974480112,-1.25321142,51.758486619999985,92.13804594,15.0,3.0,-139453.58526044467
893,8,246,6.893078341851368,-2.445925383720378,-1.2531238399999998,51.758519000000014,91.76121401999998,15.0,3.0,-119367.52890242798
894,8,247,6.422710218511313,-8.51115121743909,-1.2530398199999997,51.75854956,91.4087966,15.0,3.0,-187359.68310435352
895,8,248,5.154345685957854,-15.741090291281102,-1.25296658,51.758575939999986,91.04082331999999,15.0,3.0,-237865.7779149849
896,8,249,3.567226563684518,-16.378356716317516,-1.25291174,51.75859527999999,90.69866752,15.0,3.0,-175492.8192829398
897,8,250,2.007685581534732,-14.166071188468642,-1.2528766399999998,51.75860699999999,90.39248054000001,15.0,3.0,-56248.84991012959
898,8,251,1.0131014432622987,-6.944575114447647,-1.2528582999999998,51.75861259999995,90.13208141999998,15.0,3.0,-13094.868668857556
899,8,252,0.49425616727227883,-3.164457646828039,-1.2528497199999995,51.75861466000003,89.94934130000001,15.0,3.0,-2110.6542951213355
900,8,253,0.3547481426289633,-0.6299005422897489,-1.2528464599999989,51.75861500000002,89.76738791999998,15.0,3.0,-256.8859460045137
901,8,254,0.3285373773324928,-0.018476791249419828,-1.2528450200000005,51.75861500000002,89.52635454000001,15.0,3.0,-1714.909065022116
902,8,255,0.32376773588404717,-0.06972850626186396,-1.2528442600000016,51.75861500000002,89.26315362000001,15.0,3.0,-2170.2817755557726
903,8,256,0.3202707895888476,-0.03967815205679339,-1.2528444800000003,51.75861500000002,89.05445712000001,15.0,3.0,-2362.1735793207185
904,8,257,0.17359167563119565,-3.079806387263513,-1.2528605200000014,51.75861979999996,96.70758856,15.0,3.0,-1187.2323423714975
905,8,258,0.015625012611381755,-0.02228305050692413,-1.25287858,51.758624999999974,105.11453542000001,15.0,3.0,-37.29350309412185
906,8,259,0.01192837229402552,0.027883221568988016,-1.252879,51.758624999999974,105.055572,15.0,3.0,8.925022055371302
907,8,260,0.014613015014843298,0.04007810608115242,-1.252879879999999,51.758624999999974,105.06752843999999,15.0,3.0,-71.87145746992326
908,8,261,0.01866242851879441,0.037755245639750704,-1.2528799999999989,51.758624999999974,105.07952622,15.0,3.0,88.39756334063867
909,8,262,0.022322032571721558,0.04101869554927956,-1.2528799999999989,51.758624999999974,105.09553295999999,15.0,3.0,51.39195130907743
910,8,263,0.02686968897407441,0.05108159967258193,-1.2528799999999989,51.758624999999974,105.11588723999998,15.0,3.0,48.15736085798001
911,8,264,0.03137019125628249,0.04171411987303775,-1.2528805800000011,51.758624999999974,105.13953185999999,15.0,3.0,-191.83723279900707
912,8,265,0.03596410942293737,0.048310880113803994,-1.2528810000000008,51.758624999999974,105.16746407999999,15.0,3.0,-282.08425545610555
913,8,266,0.0402076762912875,0.0474178914338248,-1.2528810000000008,51.758624999999974,105.20095633999998,15.0,3.0,-375.1288263265301
914,8,267,0.045441188446215926,0.04456519780206978,-1.2528814799999994,51.758624999999974,105.23715696,15.0,3.0,-156.82731684013967
915,8,268,0.05020093360536249,0.0396797853664909,-1.2528819999999998,51.758624999999974,105.27848830000002,15.0,3.0,-194.951981282587
916,8,269,0.41528084941829113,10.696291405938382,-1.25288092,51.75862533999996,105.31917832,15.0,3.0,17467.231590496023
917,8,270,1.7995234291009639,13.880317346924084,-1.2528665,51.75862855999996,105.35683794000005,15.0,3.0,60919.43205909323
918,8,271,3.119192278452878,13.631943366905055,-1.25283196,51.75862829999997,105.3958217,15.0,3.0,96064.1823871371
919,8,272,4.410798834943436,13.139799874805606,-1.25278474,51.758612580000005,105.34778456,15.0,3.0,98349.96452153342
920,8,273,5.594147334276244,10.618437576619794,-1.25273908,51.758577720000034,105.18289316,15.0,3.0,93670.35307793767
921,8,274,6.401008355239795,6.220347775691513,-1.2526962600000002,51.758530320000006,105.08772466,15.0,3.0,71481.84507317044
922,8,275,6.959910083139006,6.258010002343382,-1.2526537400000002,51.758476599999995,105.04467984000004,15.0,3.0,77606.14042366282
923,8,276,7.534539666700095,4.4631806280045065,-1.25260862,51.75841763999999,104.95170553999998,15.0,3.0,47191.89017624264
924,8,277,7.666064129968675,-0.9805407747168495,-1.2525602400000002,51.75835588000001,104.86687864,15.0,3.0,-24983.604418626725
925,8,278,7.600195332883507,-0.26485147579905755,-1.25250936,51.75829497999999,104.78680400000002,15.0,3.0,-20746.260314016283
926,8,279,7.563408573160183,-0.7098850127422726,-1.2524575600000003,51.75823488,104.70560844000002,15.0,3.0,-19216.186096405636
927,8,280,7.448082572852785,-1.2766159034597433,-1.2524065,51.75817532000001,104.64273107999999,15.0,3.0,-29793.2434035078
928,8,281,7.348894937032053,-0.8690909585723148,-1.2523568,51.75811644,104.57438026000001,15.0,3.0,-21299.886990661387
929,8,282,7.296972877248161,-0.7086804028357071,-1.2523089,51.75805781999998,104.51442134000001,15.0,3.0,-26204.18640927087
930,8,283,7.083738403905748,-3.2884059779869173,-1.2522653799999999,51.757999040000016,104.49199712,15.0,3.0,-32534.482267074043
931,8,284,6.725789017631963,-3.0431664636687343,-1.2522303399999999,51.75794092000001,104.60601278,15.0,3.0,-12841.018523348997
932,8,285,6.754895104023301,3.1540839379931525,-1.2521952600000001,51.75788514,104.66685036000001,15.0,3.0,56936.11813644159
933,8,286,7.074385959369943,2.2532380470929407,-1.25215578,51.75782829999999,104.74496100000002,15.0,3.0,52175.54901830038
934,8,287,7.185725527254569,-0.0007240154596276583,-1.2521147799999999,51.75776940000001,104.83862568000002,15.0,3.0,22544.49686221551
935,8,288,7.129251622643536,-0.6827729771563951,-1.25207522,51.75771014,104.93048463999999,15.0,3.0,12945.355746525434
936,8,289,7.092034722236247,0.0981921134617666,-1.25203784,51.75765091999999,104.97800720000004,15.0,3.0,19777.74471267152
937,8,290,7.143612115839487,1.6578973255178837,-1.2520037,51.757591299999994,105.08350500000005,15.0,3.0,54853.083529373005
938,8,291,7.291341683812565,1.007652422530106,-1.25197244,51.757529940000005,105.24446089999998,15.0,3.0,39341.996914151794
939,8,292,7.3844849554135825,0.9315972260868629,-1.25194382,51.757466459999996,105.38275860000002,15.0,3.0,53471.689713144835
940,8,293,7.499791140433973,1.0789125292385442,-1.25191876,51.75740145999999,105.53797981999995,15.0,3.0,46589.92924564394
941,8,294,7.578151373341536,0.8424548207172151,-1.25189674,51.75733499999999,105.72001956000004,15.0,3.0,56632.760546918995
942,8,295,7.672900927078464,0.7792638670492029,-1.25187648,51.757267760000005,105.89108202,15.0,3.0,53740.424039399055
943,8,296,7.732998177337481,0.07031959078247602,-1.2518568199999998,51.75719955999998,106.08659501999999,15.0,3.0,43211.02336012429
944,8,297,7.683777480713088,-0.6010151341110904,-1.2518373000000003,51.75713148000002,106.27471218000002,15.0,3.0,33581.49172900882
945,8,298,7.6954408683568305,0.8002772100479302,-1.25181738,51.75706396,106.46105319999997,15.0,3.0,51877.49701801735
946,8,299,7.7654875030786386,0.18240988576603265,-1.25179792,51.75699580000001,106.65193253999998,15.0,3.0,46243.375997281924
947,8,300,7.7493777151277685,0.043057865348224006,-1.25177886,51.756927479999995,106.81499918000002,15.0,3.0,32699.420782392706
948,8,301,7.976322390530114,3.606088596713434,-1.2517599400000001,51.75685830000001,106.95742603999999,15.0,3.0,93254.32824655797
949,8,302,8.200213588272119,1.6872947913696716,-1.2517413,51.756786199999986,107.10798566,15.0,3.0,57590.033019797
950,8,303,8.281949311182533,-0.12061603383568814,-1.25172462,51.75671256,107.26493058,15.0,3.0,41074.257713923
951,8,304,8.155380387474544,-2.068126931479167,-1.2517090599999998,51.75663912000001,107.47445615999997,15.0,3.0,15632.493617107493
952,8,305,7.911015070365478,-2.7337841312579756,-1.2516949199999998,51.756567319999995,107.7138548,15.0,3.0,12568.634467489761
953,8,306,7.6581085936844895,-2.1696535571121593,-1.2516826200000002,51.756498140000005,107.95377254,15.0,3.0,10964.119325460517
954,8,307,7.459207575918003,-2.064960568499226,-1.2516721200000003,51.75643070000001,108.19899558000002,15.0,3.0,24128.48602305223
955,8,308,7.2286151499528835,-2.9837109832515547,-1.251663020000001,51.75636482000001,108.47717531999999,15.0,3.0,11830.561561970284
956,8,309,6.92559760158342,-2.705108766523147,-1.25165536,51.756301139999984,108.75864031999998,15.0,3.0,27706.39663849121
957,8,310,6.686917176228836,-2.830827973226251,-1.2516491600000008,51.7562399,109.05623264,15.0,3.0,18454.984082294242
958,8,311,6.333480818661648,-3.8409257099582312,-1.25164462,51.756181500000004,109.35809034000002,15.0,3.0,9130.112402488556
959,8,312,6.1643327521554605,0.28712114729866384,-1.2516416799999996,51.75612579999999,109.59509091999999,15.0,3.0,41263.758235478934
960,8,313,6.252511948883811,0.28025634818676365,-1.2516397599999998,51.75606991999999,109.76854524000001,15.0,3.0,43463.87889180016
961,8,314,6.159942147104747,-1.850603859628998,-1.25163854,51.75601396000001,109.98032166000002,15.0,3.0,9760.373111634388
962,8,315,5.871561235509408,-3.5164929958027944,-1.251638,51.75595970000001,110.21841129999999,15.0,3.0,14899.580442094342
963,8,316,5.55920127619672,-2.204940882199784,-1.2516389599999989,51.755908500000004,110.44845028,15.0,3.0,22054.907382544014
964,8,317,5.430884131082184,-1.0630846025419158,-1.25163864,51.75585919999999,110.64998201999998,15.0,3.0,30513.628030282074
965,8,318,5.29849219621602,-1.5867448689287318,-1.251637580000001,51.75581103999999,110.85309081999999,15.0,3.0,24920.697775280805
966,8,319,5.2434668782569664,0.1730891774456805,-1.25163576,51.75576381999999,111.02990520000003,15.0,3.0,42625.60728343833
967,8,320,5.0834924551834915,-3.0767412394441362,-1.2516342800000013,51.75571719999998,111.21744829999997,15.0,3.0,15802.141235820483
968,8,321,4.763892508728376,-3.6079789529625628,-1.2516343400000003,51.75567293999998,111.43278945999998,15.0,3.0,5854.207583831797
969,8,322,4.350574531070473,-4.727914920884429,-1.2516360600000007,51.755631919999985,111.67389996000001,15.0,3.0,16279.83457026863
970,8,323,4.112687031786946,0.9170022114965931,-1.2516387399999997,51.755594439999996,111.87790104000001,15.0,3.0,42156.96177818791
971,8,324,4.356275253095763,2.6152513759122598,-1.2516417999999996,51.755556480000024,111.99331487999996,15.0,3.0,49501.46059437662
972,8,325,4.5169020425740865,1.3418084048892025,-1.25164564,51.75551628000001,112.16071166000002,15.0,3.0,44229.08476633335
973,8,326,4.740730869460662,3.31377602919913,-1.2516500200000005,51.755474520000014,112.34201693999998,15.0,3.0,70605.36846500564
974,8,327,4.9912465532187715,1.1146991069203336,-1.2516554599999994,51.755430700000005,112.50271070000001,15.0,3.0,48821.97372236166
975,8,328,5.036280563684133,0.05775671642532679,-1.2516618200000003,51.75538550000001,112.65623126,15.0,3.0,23871.290917357674
976,8,329,4.983798652202205,-1.1319852487636175,-1.25166572,51.755339700000015,112.94686752000003,15.0,3.0,13012.503761932032
977,8,330,4.814716258367161,-2.6488695147698813,-1.2516681599999995,51.755294840000005,113.30264455999999,15.0,3.0,8528.676463372696
978,8,331,4.535543463937884,-2.7366820117223165,-1.2516696000000003,51.75525222,113.69112228000003,15.0,3.0,10260.174583797772
979,8,332,4.054666607449474,-6.732410459268965,-1.251668119999999,51.75521236,114.17061858000001,15.0,3.0,-8867.929213354142
980,8,333,3.533431679642547,-3.4504479852543453,-1.2516673199999986,51.75517789999999,114.56482274000004,15.0,3.0,16152.663561802152
981,8,334,3.1615818529690056,-5.253856491073501,-1.2516653400000002,51.75514690000002,114.99298819999996,15.0,3.0,9266.394833926017
982,8,335,2.550755932120161,-6.432872869840395,-1.2516641000000008,51.75512056,115.39773336000002,15.0,3.0,3065.1671179500026
983,8,336,1.8768790124810872,-6.162734783724784,-1.2516674399999999,51.75510068000003,115.74524917999999,15.0,3.0,-28011.67926507615
984,8,337,1.6386469746907497,2.239237344509095,-1.2516708799999998,51.755085379999976,116.30065386000003,15.0,3.0,-3439.2908209204447
985,8,338,2.237435835289726,7.433219648307667,-1.2516809599999998,51.75506994000001,116.85437178000001,15.0,3.0,36203.78898527125
986,8,339,2.6976068948759444,1.0570068259889298,-1.2517068999999998,51.75505432000002,117.21109044,15.0,3.0,13006.393662703824
987,8,340,2.6506827897109373,-1.1725036191612437,-1.2517418800000002,51.755044780000034,117.51075824000002,15.0,3.0,25663.05896922271
988,8,341,2.2392091814511597,-5.815569125191209,-1.2517772200000001,51.75504207999997,117.80000648000001,15.0,3.0,-24764.374586932816
989,8,342,1.9802280996922663,0.10685502683680437,-1.2518065400000002,51.75504377999998,118.12001187999996,15.0,3.0,933.1616948661316
990,8,343,2.4152456013746435,9.216057949786725,-1.25183618,51.755047740000045,118.46067404000001,15.0,3.0,57380.66402514841
991,8,344,3.505182145129812,11.202501460019775,-1.25187192,51.755053020000034,118.2195069,15.0,3.0,137001.6851713633
992,8,345,4.461089633513377,9.099933286770144,-1.2519211399999999,51.75505875999999,117.75059902000002,15.0,3.0,142885.78618187847
993,8,346,5.274079057604241,7.838407066123003,-1.2519861799999996,51.75506379999996,117.5412332,15.0,3.0,150845.05426571335
994,8,347,6.006287609673811,7.323727504664683,-1.2520645,51.7550679,117.52724852000001,15.0,3.0,156743.9018298975
995,8,348,6.5926017882034715,4.794670340290153,-1.2521556800000002,51.75507200000001,117.83201214,15.0,3.0,133818.96847308308
996,8,349,6.9891839258546655,3.1266105200559093,-1.2522540600000003,51.755076160000016,118.17959615999999,15.0,3.0,124758.0901609294
997,8,350,7.224667298217628,1.6585683529515522,-1.25235486,51.75507993999993,118.3372408,15.0,3.0,102461.79031082668
998,8,351,7.3497777365865735,1.0084260997789476,-1.2524573000000003,51.75508321999996,118.35744585999998,15.0,3.0,82717.51847791103
999,8,352,7.433616445419279,0.4211378504505746,-1.25256272,51.75508679999997,118.52300255999998,15.0,3.0,70628.69256010313
1000,8,353,7.3874482621983155,-0.9773295823038994,-1.2526690200000001,51.75509032000001,118.73682238,15.0,3.0,54052.85929886625
1001,8,354,7.294460367996388,-0.3225756121182933,-1.2527744200000002,51.75509340000002,118.98125468000003,15.0,3.0,64970.029711967225
1002,8,355,7.289568785428153,-0.8875449957337836,-1.25287986,51.75509648000002,119.31374665999994,15.0,3.0,60535.26377874722
1003,8,356,7.129497810286757,-1.3203541231482188,-1.2529841,51.75509923999997,119.66279160000003,15.0,3.0,57820.61234433819
1004,8,357,7.083103263457477,-0.23613150296825886,-1.25308678,51.755101240000016,119.99819736000003,15.0,3.0,72466.41548638661
1005,8,358,7.09232114765482,0.7465240105338254,-1.2531890399999999,51.75510200000004,120.38486821999997,15.0,3.0,98662.04152725019
1006,8,359,7.198041030008166,0.9173502413281153,-1.25329242,51.755101720000056,120.73112048000003,15.0,3.0,86226.06653988903
1007,8,360,7.219187545594025,-0.656842057857095,-1.25339684,51.755100020000015,121.08426365999999,15.0,3.0,70332.71586279428
1008,8,361,7.110921756861497,-0.9592515187252052,-1.2535003200000001,51.755096919999986,121.44286308,15.0,3.0,65310.09384212765
1009,8,362,7.050826639615976,-0.5200256159335575,-1.2536025,51.755092760000025,121.82908106000002,15.0,3.0,82674.0892756478
1010,8,363,7.00220902096211,-0.8356144001086472,-1.2537038,51.75508773999998,122.22800508000002,15.0,3.0,74872.88308654584
1011,8,364,6.8378871363733715,-2.408156000160538,-1.25380366,51.75508241999995,122.62124688,15.0,3.0,50527.40182783966
1012,8,365,6.521815599402055,-4.796120611594724,-1.25390008,51.7550772,122.99259203999998,15.0,3.0,16453.52097338664
1013,8,366,5.804425611549041,-8.222228212048519,-1.2539892600000002,51.75507212000002,123.33367284,15.0,3.0,-29035.758046995197
1014,8,367,5.003713134855411,-8.497080476632261,-1.2540671,51.75506725999999,123.64067413999997,15.0,3.0,-16274.24426908791
1015,8,368,4.146228287998444,-8.924195428265369,-1.2541325599999997,51.755061700000006,123.95551765999997,15.0,3.0,-7849.769669087993
1016,8,369,3.1933324869168307,-10.524944003822483,-1.2541848399999997,51.755055519999985,124.28010997999998,15.0,3.0,-21699.542549020214
1017,8,370,2.048143432231189,-12.891855512215315,-1.25422168,51.755050139999994,124.61156214,15.0,3.0,-55941.27671781093
1018,8,371,0.9174014477614333,-8.099329626424229,-1.2542413000000001,51.75504738000006,124.96233331999998,15.0,3.0,-17013.383138739504
1019,8,372,0.45281401941207716,-2.1523598993600923,-1.2542483400000008,51.755047200000035,125.32808153999999,15.0,3.0,-2094.4111946012763
1020,8,373,0.4123923894291338,0.05627158927369951,-1.2542502799999986,51.75504823999997,125.70533464000002,15.0,3.0,-99.11379781924057
1021,8,374,0.4206576723232057,0.07701348958201802,-1.2542516800000005,51.75504928000007,126.09060166,15.0,3.0,292.2458698777566
1022,8,375,0.4299527418945093,0.08592052971542528,-1.2542533600000005,51.755050340000025,126.48539099999995,15.0,3.0,626.8735305176015
1023,8,376,0.4394009352453426,0.08924390615255307,-1.2542547400000001,51.75505140000001,126.89013236000004,15.0,3.0,1072.7601028235256
1024,8,377,0.4480881327647155,0.10063714731833943,-1.2542563800000013,51.75505247999999,127.30421032,15.0,3.0,975.2108482488528
1025,8,378,0.4570467306654365,0.08325305045031199,-1.2542577799999999,51.75505358000003,127.72703068000003,15.0,3.0,1075.060491632084
1026,8,379,0.46538852039331724,0.0955065578762983,-1.254259420000001,51.755054680000036,128.15795376000003,15.0,3.0,1273.064346820101
1027,8,380,0.47333625048623246,0.07375369996193593,-1.2542609199999994,51.75505579999997,128.59708052000002,15.0,3.0,1232.8846991951802
1028,8,381,0.48147930552674034,0.09847496213753074,-1.254262500000001,51.755057020000024,129.04349589999995,15.0,3.0,1328.5233827332909
1029,8,382,0.4913241584681682,0.09166239693828233,-1.2542640999999988,51.75505826,129.49870332,15.0,3.0,1264.9337951109578
1030,8,383,0.5004784465293938,0.10026650043389701,-1.2542656000000008,51.75505943999999,129.96264916,15.0,3.0,1200.540821873607
1031,8,384,0.5102332623907548,0.09950608373174691,-1.2542673400000008,51.75506063999998,130.43483701999997,15.0,3.0,1228.1355959038028
1032,8,385,0.5191052146237477,0.08561926948055266,-1.2542688800000001,51.75506202,130.91534576,15.0,3.0,809.9208976298868
1033,8,386,0.529146068693104,0.11033216267811438,-1.2542705200000008,51.75506339999998,131.4042798,15.0,3.0,716.6341718857756
1034,8,387,0.5384901852464862,0.09503854646728124,-1.2542721999999995,51.755064699999984,131.90189933999997,15.0,3.0,847.1325472112198
1035,8,388,0.5480710136158354,0.09334448475271793,-1.2542737600000007,51.75506631999999,132.40772868000005,15.0,3.0,507.7793390234295
1036,8,389,0.5573152158273759,0.08622000463964401,-1.2542754799999987,51.75506767999997,132.92202595999998,15.0,3.0,783.986278529232
1037,8,390,0.5657283288795634,0.09025009928142266,-1.2542771200000007,51.75506938000004,133.44434636000003,15.0,3.0,425.5059936549398
1038,8,391,0.5750346914335459,0.10407879858592756,-1.2542787199999987,51.75507086000002,133.97434781999996,15.0,3.0,730.0792933947856
1039,8,392,0.5841432612804278,0.07688066193017207,-1.2542804599999997,51.75507249999997,134.51307128000002,15.0,3.0,388.83971486438145
1040,8,393,0.5921061855614225,0.09379744107463325,-1.2542821400000008,51.75507421999999,135.05870014,15.0,3.0,513.4023367431404
1041,8,394,0.6019496008092238,0.11556976656241134,-1.2542837599999994,51.75507587999994,135.61202612000002,15.0,3.0,509.16378131235376
1042,8,395,0.6133318307877268,0.12303139813592652,-1.2542855,51.755077639999996,136.1745953,15.0,3.0,650.7946916556759
1043,8,396,0.6245596222443585,0.09592770060173433,-1.254287280000001,51.755079499999965,136.74732718,15.0,3.0,492.0403029434151
1044,8,397,0.6347075719526803,0.11253038529906101,-1.2542889999999993,51.75508138000001,137.32887226,15.0,3.0,524.723640504495
1045,8,398,0.6451579425029657,0.10692313125285587,-1.2542907000000008,51.75508329999997,137.91923624000003,15.0,3.0,18.05810916312951
1046,8,399,0.656000277853917,0.10998479184335863,-1.2542924999999985,51.75508530000001,138.51819274000002,15.0,3.0,46.525915203438835
1047,8,400,0.6672976848117332,0.11733488355926079,-1.2542943000000002,51.755087359999955,139.12617632,15.0,3.0,-459.13517230700285
1048,8,401,0.6777474408990387,0.1051294097008315,-1.2542960199999995,51.75508954000004,139.74319204,15.0,3.0,-117.47672524228126
1049,8,402,0.6876352271164105,0.10283028325281147,-1.2542977199999996,51.75509176000007,140.36859275999998,15.0,3.0,-1581.5138897235106
1050,8,403,0.6982711151239566,0.11118363022438402,-1.2542995000000001,51.75509400000003,141.00233143999998,15.0,3.0,-1869.9886748467225
1051,8,404,0.7232190697757861,0.5239010743392007,-1.254301740000001,51.75509624000006,141.64229541999998,15.0,3.0,-3384.670412339569
1052,8,405,0.7982761178063019,0.14747710341063328,-1.2543065999999994,51.75509796000003,142.29373939999996,15.0,3.0,-4233.185634758365
1053,8,406,0.7477352678972785,0.17634627687166515,-1.2543116000000007,51.75509974000004,142.95077359999996,15.0,3.0,-3999.546692705488
1054,8,407,0.8828909380930248,1.8277093314090735,-1.2543172599999997,51.75510146000002,143.61600034,15.0,3.0,3554.926611228385
1055,8,408,1.0588956490181818,2.022739208066064,-1.2543272200000002,51.75510200000004,144.28608037999996,15.0,3.0,5125.11153382167
1056,8,409,1.2449264416797603,1.2776623854795661,-1.2543408400000002,51.75510190000006,144.96240017999997,15.0,3.0,-8368.619053372619
1057,8,410,1.3539029370573803,1.9481827859024679,-1.2543566200000005,51.75510073999996,145.6435855,15.0,3.0,3733.155286257357
1058,8,411,1.7383426027007984,6.278025651942897,-1.2543757799999997,51.75509868000004,146.32014610000002,15.0,3.0,34795.61432685053
1059,8,412,2.53600544983064,8.93500913366208,-1.2544037399999999,51.75509409999999,147.03412138000002,15.0,3.0,40803.85678787393
1060,8,413,3.3608185520492113,8.197973847062904,-1.2544441400000002,51.75508909999996,147.83141243999992,15.0,3.0,16722.594482730856
1061,8,414,4.122681185339349,7.208215798956967,-1.2544964599999997,51.75509084000003,148.64114398000004,15.0,3.0,32821.15835948033
1062,8,415,4.794255673052553,6.5840692437994255,-1.25455322,51.75510757999999,149.34421968000004,15.0,3.0,56925.6979058705
1063,8,416,5.388853019350806,6.154547136896338,-1.25460124,51.75514118000001,150.02167459999998,15.0,3.0,43770.41867850961
1064,8,417,6.002355195084862,5.543546536169117,-1.2546393,51.75518590000001,150.77059917999998,15.0,3.0,53961.30751073676
1065,8,418,6.491082704142432,6.087095304403558,-1.25467452,51.7552372,151.55685945999997,15.0,3.0,140482.37898351124
1066,8,419,7.181353255374797,6.663374658552165,-1.25471018,51.75529406,152.33284962000002,15.0,3.0,211544.2409996582
1067,8,420,7.754304811241603,5.516495679681554,-1.25474524,51.75535722000001,153.11302064,15.0,3.0,219487.78435000734
1068,8,421,8.269902514727912,5.1227281630143695,-1.25477908,51.75542576,153.90104785999998,15.0,3.0,234232.30149351247
1069,8,422,8.683903552498869,3.1600350295581427,-1.2548159600000002,51.75549826,154.66762706,15.0,3.0,199032.61454320868
1070,8,423,8.942118755398035,1.9929976231230648,-1.2548594999999998,51.75557249999999,155.44348820000002,15.0,3.0,193984.44896288385
1071,8,424,9.042590493792655,0.3915374064103343,-1.2549092199999998,51.75564688,156.25105646,15.0,3.0,164965.48494505082
1072,8,425,9.061569304010035,0.31199500791400864,-1.25496356,51.75572062000002,157.04276824000002,15.0,3.0,146691.27395857914
1073,8,426,9.118569599077414,0.6750538811796963,-1.25501778,51.75579461999999,157.81714708,15.0,3.0,159065.0770799605
1074,8,427,9.357876733379834,4.188837845652788,-1.25506974,51.75587058,158.60763355999995,15.0,3.0,232144.33515751868
1075,8,428,9.731921709653346,3.217663094046736,-1.2551207400000002,51.755950080000005,159.41443747999998,15.0,3.0,213399.3085944896
1076,8,429,9.970961254726666,1.4590052410227181,-1.255173387755102,51.75603120408163,160.221994,15.0,3.0,181370.61104792816
1077,8,430,10.058334549193114,0.5602333943474171,-1.25522968,51.75611291999999,161.01460726000002,15.0,3.0,163759.75968655673
1078,8,431,10.081870451137126,-0.04625804366060745,-1.25528831372549,51.75619649019608,161.8332997254902,15.0,3.0,151540.17003354817
1079,8,432,9.947212745912257,-2.7258486033740446,-1.2553454693877548,51.75627912244899,162.64862065306122,15.0,3.0,98980.7287205216
1080,8,433,9.711833638220742,-1.4021537788829712,-1.25540066,51.75635916,163.45058326000003,15.0,3.0,114344.11002264949
1081,8,434,9.633638379793728,-0.8096937888393719,-1.2554555490196078,51.756439686274526,164.26882837254902,15.0,3.0,131653.1580768949
1082,8,435,9.548604044455555,-0.8061465745724878,-1.25550902,51.756519879999985,165.07724948000006,15.0,3.0,148539.58082537106
1083,8,436,9.417427223103717,-2.0097433702047085,-1.2555608,51.756598600000004,165.86594817999998,15.0,3.0,106113.22704114438
1084,8,437,9.16939037389907,-2.6543489251888883,-1.2556106,51.7566759,166.65393488,15.0,3.0,114674.29147925536
1085,8,438,9.002993380638465,-0.6081973983651086,-1.2556586600000004,51.7567515,167.44867369999997,15.0,3.0,130536.72956169641
1086,8,439,8.976411383487651,0.17427470683723312,-1.2557057000000003,51.756826499999995,168.24840751999997,15.0,3.0,169616.48140259582
1087,8,440,9.00377197615265,-0.04673899320117849,-1.2557527800000001,51.756901500000005,169.05440118000007,15.0,3.0,172018.70495275166
1088,8,441,8.992491609970783,0.45185131586413907,-1.25580004,51.7569765,169.87405926,15.0,3.0,167717.97985858575
1089,8,442,9.112151150122235,1.4992338886671184,-1.2558473399999999,51.757051780000005,170.69845765999997,15.0,3.0,203070.60733085632
1090,8,443,9.243334484392477,1.009455453039953,-1.2558947799999998,51.75712846000001,171.54694024,15.0,3.0,178836.0053448827
1091,8,444,9.292872010114124,-0.13775530594274493,-1.25594288,51.75720596000001,172.40498576,15.0,3.0,151208.2720269673
1092,8,445,9.218867909714943,-1.1844429736505704,-1.2559911200000002,51.75728321999999,173.28758632,15.0,3.0,128551.58472247908
1093,8,446,9.105587322991553,-0.9617874979733932,-1.25603872,51.75735966,174.17594884,15.0,3.0,153437.20352151617
1094,8,447,9.03320799975678,-0.39692122323401463,-1.25608606,51.75743512,175.07264843999997,15.0,3.0,144207.01499870222
1095,8,448,8.999269513728745,-0.5203451990979986,-1.2561333000000001,51.757510499999995,175.98632959999998,15.0,3.0,145361.4202204213
1096,8,449,8.916043892921369,-1.1925839358159849,-1.25618018,51.757584939999994,176.88947352000002,15.0,3.0,137186.28220702012
1097,8,450,8.78483228816472,-1.3669375489773796,-1.25622646,51.75765878,177.79329104,15.0,3.0,123964.49718757151
1098,8,451,8.60417095185893,-2.6173684541670905,-1.25627152,51.75773134,178.6964597399999,15.0,3.0,107177.3120897429
1099,8,452,8.167710071672962,-6.622609812751511,-1.25631448,51.757801659999984,179.62342489999995,15.0,3.0,-4397.476530123156
1100,8,453,7.50961126448318,-5.658538323778035,-1.2563537,51.75786719999999,180.54109780000007,15.0,3.0,-42970.752897217935
1101,8,454,7.025244187955838,-4.568280054248521,-1.25638954,51.75792796,181.44773668,15.0,3.0,-57585.52879365537
1102,8,455,6.614519796732756,-3.1597074709753663,-1.2564225999999998,51.75798502,182.36694147999998,15.0,3.0,-70569.99523091136
1103,8,456,6.3882887276557,-2.2471906808767756,-1.25645364,51.75803949999999,183.26785436000003,15.0,3.0,-45041.20454195973
1104,8,457,6.152010834571455,-2.4910065243316044,-1.2564833,51.75809211999999,184.19870262,15.0,3.0,-35387.09669390908
1105,8,458,5.910041756412029,-2.2903205388277725,-1.2565117999999997,51.75814250000001,185.15252770000006,15.0,3.0,-31381.89423721017
1106,8,459,5.711403054406618,-2.029287962569384,-1.25653924,51.75819128,186.08133736000002,15.0,3.0,-26944.953374759778
1107,8,460,5.446994430573516,-3.6470393284072964,-1.2565652,51.75823808000001,187.01753288000006,15.0,3.0,-30299.26839702515
1108,8,461,5.0553415877614905,-3.055836451921353,-1.2565892599999997,51.75828202000002,187.96666501999997,15.0,3.0,-33384.94336914383
1109,8,462,4.867948481146763,-1.8085496524547937,-1.2566116999999999,51.758323400000016,188.91959772000007,15.0,3.0,-52322.567042008
1110,8,463,4.667096201738092,-2.7105445730984736,-1.2566341399999998,51.75836306,189.87695593999993,15.0,3.0,-91740.4924409014
1111,8,464,4.396613803449527,-1.4152161205187301,-1.25666408,51.758397859999974,190.83197561999998,15.0,3.0,-84011.64537285562
1112,8,465,4.415790204569132,1.1791435043602911,-1.2567112200000004,51.758421780000056,191.75191532000005,15.0,3.0,-47667.10255000011
1113,8,466,4.747357612779367,5.253330561828185,-1.2567733000000003,51.758429000000035,192.69116638000003,15.0,3.0,17084.984665062402
1114,8,467,5.2699800261430765,5.391997933901904,-1.2568432,51.75842130000001,193.63228102000002,15.0,3.0,34250.72604052524
1115,8,468,5.777966794726095,4.743721514782715,-1.25691888,51.758407479999995,194.54389552000004,15.0,3.0,45596.30110872733
1116,8,469,6.079985855135272,1.6487256094244405,-1.2569991632653064,51.758391326530635,195.44797638775518,15.0,3.0,44988.44552402951
1117,8,470,6.209563036327068,1.5961768390715474,-1.2570829411764708,51.758375019607826,196.44220811764703,15.0,3.0,16879.03601571583
1118,8,471,6.256957501142892,-1.323447236655974,-1.2571690204081636,51.75835983673471,197.37692726530622,15.0,3.0,-46983.30504841731
1119,8,472,6.096257886633416,-1.4621696436978076,-1.257254725490196,51.758346372549035,198.3517736862745,15.0,3.0,-27363.301462263516
1120,8,473,5.896652468633074,-2.421431101944099,-1.25733922,51.758334380000036,199.32940306000003,15.0,3.0,-24106.38374335961
1121,8,474,5.652211787552719,-2.4835767430841007,-1.25741968,51.75832365999998,200.33623685999999,15.0,3.0,-36510.86729679229
1122,8,475,5.421367809315587,-2.4534292683780325,-1.2574969000000003,51.758313339999994,201.31215094000007,15.0,3.0,-31979.065166365675
1123,8,476,5.188793218556142,-2.150688249587809,-1.2575701400000001,51.75830232000001,202.30776898000005,15.0,3.0,-25134.883998376903
1124,8,477,4.985133246244649,-2.0047933790417245,-1.25763918,51.75828894,203.25660918000003,15.0,3.0,-54453.167406343964
1125,8,478,4.888973072118536,0.3114669368836708,-1.2577060000000002,51.75827697999995,204.27406931999997,15.0,3.0,-50601.81405990525
1126,8,479,5.1405563587303575,5.185869463020391,-1.2577758399999999,51.75827585999998,205.27255995999997,15.0,3.0,11322.423057943866
1127,8,480,5.756701911121546,6.790882680809701,-1.2578465102040817,51.7582921836735,206.32112340816332,15.0,3.0,39897.29430259646
1128,8,481,6.400606874010639,6.489426111252284,-1.2579116862745097,51.758326921568646,207.4573706470588,15.0,3.0,36293.637077787236
1129,8,482,7.060690525605118,7.078969917186108,-1.25796918,51.75837502000001,208.72588819999999,15.0,3.0,121139.52970639388
1130,8,483,7.65291317316816,5.050560778834017,-1.25802232,51.75843136,209.9339966,15.0,3.0,61539.18613517773
1131,8,484,8.094018853918149,3.8528313064869213,-1.258076,51.75849285999999,211.16010251999992,15.0,3.0,62410.32038801405
1132,8,485,8.345324651471655,0.9806872236327733,-1.2581309999999999,51.75855773999999,212.34373804000003,15.0,3.0,-9208.587522427571
1133,8,486,8.344696492701608,-0.7817916393807891,-1.25818676,51.75862357999999,213.54925989999995,15.0,3.0,-38637.156658538544
1134,8,487,8.255707008905734,-0.05160244698492314,-1.2582421199999998,51.758688800000016,214.75313730000005,15.0,3.0,-20054.037856180814
1135,8,488,8.21637529881819,-1.3620502758799935,-1.2582967142857144,51.75875297959183,215.94954067346933,15.0,3.0,-38836.576637050144
1136,8,489,8.097047212086322,-1.0916434153768335,-1.2583522156862745,51.7588167254902,217.16134584313724,15.0,3.0,-25632.83012767572
1137,8,490,8.006855816399781,-0.8011045337138555,-1.2584125000000002,51.75887850000001,218.37688856,15.0,3.0,-27725.66817166088
1138,8,491,7.979491473263247,0.46241590033993524,-1.2584803400000004,51.75893555999998,219.54568044000004,15.0,3.0,31745.171841330128
1139,8,492,8.017216443044083,0.03730564815170746,-1.2585565799999998,51.75898881999998,220.66788879999996,15.0,3.0,-7280.706625259715
1140,8,493,8.034915402609393,0.8981688103950384,-1.2586377142857144,51.759038204081634,221.80080173469386,15.0,3.0,8408.143969707748
1141,8,494,8.159777789253218,1.38600227010717,-1.2587221960784318,51.759088000000006,222.8981343333334,15.0,3.0,19765.632874846197
1142,8,495,8.299736728129929,0.9175115577792847,-1.2588080400000001,51.75913902000001,224.01512373999998,15.0,3.0,31822.73953514032
1143,8,496,8.354380484464556,0.28403814977113917,-1.25889344,51.75919108000001,225.12893132000002,15.0,3.0,-23639.202278356315
1144,8,497,8.310901236061499,-1.578965512004133,-1.25897894,51.75924308,226.24150982000003,15.0,3.0,-52007.12884816546
1145,8,498,8.110218641864542,-2.033816879894143,-1.2590631,51.75929439999998,227.37464806,15.0,3.0,-68898.71978698323
1146,8,499,7.9509570669914185,-1.2474411699695245,-1.25914484,51.75934449999999,228.49994597999995,15.0,3.0,-52893.12941873247
1147,8,500,7.885012732557265,0.1418820461405154,-1.2592236734693878,51.759394,229.61358761224486,15.0,3.0,-4105.503393250348
1148,8,501,7.927973193762087,0.46867409368106683,-1.25930068627451,51.75944562745098,230.75290421568627,15.0,3.0,10897.84345336019
1149,8,502,7.996254152236581,0.8647147168692542,-1.259373693877551,51.759499979591844,231.89716973469393,15.0,3.0,3587.571662428209
1150,8,503,8.10632880377273,1.3639998276880836,-1.259439117647059,51.75955890196078,233.02781817647056,15.0,3.0,-14775.487552932302
1151,8,504,8.255608211262935,1.0478316734355875,-1.25949394,51.759624,234.16073566000003,15.0,3.0,-13237.631118347392
1152,8,505,8.218065537599836,-1.4036299947808362,-1.25953626,51.75969266,235.27639250000007,15.0,3.0,-59648.02588234184
1153,8,506,8.057249564482131,-1.9101842287802004,-1.259571,51.759761142857144,236.32925559183667,15.0,3.0,-49220.30797177121
1154,8,507,7.825117478855286,-3.244554410710657,-1.2596039215686274,51.75982890196079,237.44178568627453,15.0,3.0,-58638.17882895813
1155,8,508,7.319624105880664,-5.978648987239946,-1.2596347799999998,51.75989432,238.58092084,15.0,3.0,-102739.07983557809
1156,8,509,6.689324168065497,-7.204011471907016,-1.2596622800000001,51.75995422000001,239.67173079999992,15.0,3.0,-65095.08480857309
1157,8,510,5.8679139244877705,-9.03521384954828,-1.2596861,51.76000796,240.77841668000005,15.0,3.0,-126751.8516329803
1158,8,511,5.147813677003208,-4.7180232647296165,-1.2597045200000003,51.76005458,241.89860418,15.0,3.0,-116470.512324218
1159,8,512,5.054720012516852,2.0924103363558526,-1.2597122400000003,51.76009816,243.10649307999995,15.0,3.0,-35123.52179922855
1160,8,513,5.385212079100964,4.052435513462311,-1.25969926,51.76014257999999,244.30431881999996,15.0,3.0,-20057.37770267167
1161,8,514,5.698206976805592,3.363048529862039,-1.25965918,51.760183640000015,245.5243940200001,15.0,3.0,-29902.5238209717
1162,8,515,6.254420274439399,7.339365214998858,-1.25959678,51.76021862,246.72504524,15.0,3.0,78946.64575974445
1163,8,516,6.9053438581337,5.79037484730863,-1.2595186,51.76025087999999,247.87912999999998,15.0,3.0,90555.89983296649
1164,8,517,7.4549706594968015,5.789707821821065,-1.25942954,51.76028254,249.02409167999994,15.0,3.0,87761.2053293558
1165,8,518,7.887775094832312,2.7437171636517212,-1.2593329,51.76031546000002,250.18043404000002,15.0,3.0,28969.78850936248
1166,8,519,8.047825484919436,1.123605582955982,-1.2592327,51.76034962,251.34260686000002,15.0,3.0,15095.21538881164
1167,8,520,8.09027399040965,0.06962720422672446,-1.2591314999999998,51.76038447999998,252.51348786000003,15.0,3.0,19382.035350665185
1168,8,521,8.094369653244096,0.20298702854431008,-1.2590309183673472,51.760418836734694,253.6668773265306,15.0,3.0,19879.232035091452
1169,8,522,8.106078699811242,-0.2037227787341827,-1.2589300600000002,51.76045306000001,254.81963171999996,15.0,3.0,5783.47496771894
1170,8,523,8.031164395634377,-1.230941486256865,-1.2588289999999998,51.76048756,256.05348769999995,15.0,3.0,-42068.09049280988
1171,8,524,7.929939797225958,-1.1796323142003213,-1.2587279999999998,51.7605220980392,257.31741445098044,15.0,3.0,-9655.87668791216
1172,8,525,7.470904087836047,-2.584314141575822,-1.2588233750000002,51.76038997916666,256.27167168750003,15.0,3.0,-23106.935049079966
1173,8,526,6.88280927622159,-3.434300558121648,-1.2589854901960784,51.760202823529404,254.48421378431377,15.0,3.0,-66802.51806310719
1174,8,527,6.373663365886854,-6.222268454586525,-1.258944102040816,51.76019191836735,255.1580196326531,15.0,3.0,-104782.4558568323
1175,8,528,5.780034340455163,-6.385869488071805,-1.2588647843137253,51.76022019607844,256.4460334117647,15.0,3.0,-141010.82069159092
1176,8,529,5.155984242368802,-6.31130124059453,-1.2587962400000001,51.76024799999998,257.77136514000006,15.0,3.0,-137322.60672954627
1177,8,530,4.468096209629726,-8.18349113831047,-1.25874346,51.76027400000002,258.9953204799999,15.0,3.0,-100258.6529395934
1178,8,531,3.703564886321704,-7.540882909336693,-1.25870714,51.760300479999984,260.25529708,15.0,3.0,-49268.10825100948
1179,8,532,3.069364653950987,-4.679658372941239,-1.2586876599999999,51.76032556000001,261.49969652000004,15.0,3.0,-7720.980707916143
1180,8,533,2.4801705507029146,-8.043433064097446,-1.2586814489795926,51.76034708163264,262.78909418367357,15.0,3.0,-56609.614082464956
1181,8,534,1.9554088830597507,-2.5502740751612776,-1.2586860784313723,51.76036225490197,264.07695811764717,15.0,3.0,-395.04247779037496
1182,8,535,1.7855111824513576,-0.6845206946263075,-1.2586958399999997,51.76037258000001,265.37961799999994,15.0,3.0,14587.049966487117
1183,8,536,1.7667554016631482,-0.057754012192233965,-1.2587075800000003,51.76038039999999,266.69262316,15.0,3.0,5839.000346165465
1184,8,537,1.7760529357625396,0.16448139347409263,-1.2587197600000004,51.76038771999997,268.01696627999996,15.0,3.0,6740.616247599487
1185,8,538,1.7891349369284575,0.12934520515651823,-1.2587320999999996,51.76039515999997,269.34863406,15.0,3.0,2617.991830648059
1186,8,539,1.8006840883234112,0.09709253310010815,-1.2587445714285712,51.760402489795915,270.6753885102041,15.0,3.0,2176.355171878125
1187,8,540,1.8168248009995855,0.3616218520985469,-1.2587571176470589,51.760409960784315,272.0206226078431,15.0,3.0,10613.599787218687
1188,8,541,1.837887666826713,-0.029525739363716427,-1.2587696326530615,51.76041795918366,273.3696817551021,15.0,3.0,14496.968713739134
1189,8,542,1.836808065141498,-0.0027187462220457713,-1.2587822745098043,51.76042580392156,274.728566745098,15.0,3.0,13740.035940654692
1190,8,543,1.8448235249361478,0.13040237242887243,-1.2587955000000002,51.760433359999986,276.11046396000006,15.0,3.0,10552.777935111046
1191,8,544,1.8702191001548685,0.24331498404403828,-1.2588085999999998,51.76044107999997,277.48562294,15.0,3.0,19443.647184944177
1192,8,545,1.8735407250915666,0.13202873226321643,-1.2588218199999996,51.76044888000002,278.87008392,15.0,3.0,14397.732308076096
1193,8,546,1.9043869905686517,0.4049769000743387,-1.2588351599999996,51.760456839999996,280.26238654,15.0,3.0,23866.695916392946
1194,8,547,2.0634701273056275,4.094147878322954,-1.2588477799999997,51.76046610000001,281.65822498,15.0,3.0,29554.417942846845
1195,8,548,2.4786396038142886,3.3042365170381705,-1.2583516200000007,51.760173760000015,274.42583568000003,15.0,3.0,4696.269241554379
1196,8,549,3.2785787615560107,13.828382412822362,-1.2578476734693873,51.75988585714283,266.642284510204,15.0,3.0,110601.0308218166
1197,8,550,4.655320990968868,14.777705991195777,-1.2578647647058825,51.75991864705883,267.77712666666673,15.0,3.0,121816.45757779713
1198,8,551,6.1234895535308045,14.656218424926193,-1.2579113061224492,51.75996116326532,269.7402126122449,15.0,3.0,115428.67317619883
1199,8,552,7.473304156976198,13.268717096143071,-1.25798131372549,51.760004705882366,271.4638540784314,15.0,3.0,194476.28549692174
1200,8,553,8.655562513382868,11.125739495151402,-1.2580702653061226,51.76004936734695,272.79460230612244,15.0,3.0,196293.0476893483
1201,8,554,9.523947567230058,7.041207039712389,-1.2581720600000001,51.76009792000001,273.9569684999999,15.0,3.0,97972.36032243699
1202,8,555,10.03403363059783,3.5093695481013505,-1.25828118,51.76015289999997,275.28642845999997,15.0,3.0,-13754.140676866235
1203,8,556,10.26768651903643,1.8521845989847057,-1.25838888,51.76021393999999,276.64318864000006,15.0,3.0,-33067.681425021656
1204,8,557,10.385629361033175,0.6411393046312063,-1.2584933,51.76027934,278.03983271999994,15.0,3.0,-48913.386708374346
1205,8,558,10.431301527012131,0.30266538618213557,-1.2585967058823528,51.760347509803914,279.446256745098,15.0,3.0,-38153.45246759813
1206,8,559,10.462459328425156,0.05731940829496937,-1.2586989999999998,51.76041700000002,280.83568721999995,15.0,3.0,-29221.39919558375
1207,8,560,10.464410796402733,0.1473840804578026,-1.2587982400000002,51.76048680000002,282.209603,15.0,3.0,-36467.43356364875
1208,8,561,10.432504291142648,-0.961740241177273,-1.25889634,51.760557379999995,283.58594252,15.0,3.0,-71834.76663967536
1209,8,562,10.293385190110698,-1.7084047054973694,-1.2589920399999999,51.76062806000001,284.9757268200001,15.0,3.0,-98955.45442244477
1210,8,563,10.099116121217895,-2.0768474987846486,-1.25908474,51.76069828,286.37676383999997,15.0,3.0,-83274.87615409037
1211,8,564,9.948706043438078,-0.6911108404255647,-1.25917466,51.76076782000002,287.7671529999999,15.0,3.0,-27337.296378417454
1212,8,565,9.883355287376924,-1.241286799635134,-1.2592618799999997,51.76083755999999,289.14525103999995,15.0,3.0,-58424.11454334852
1213,8,566,9.664769799014856,-3.1384950814869184,-1.25934562,51.760907400000015,290.57303648,15.0,3.0,-59379.6505660874
1214,8,567,9.342913881102003,-3.41371499835675,-1.2594248800000003,51.760976079999985,291.97867843999995,15.0,3.0,-44225.99426338356
1215,8,568,9.04879217639823,-2.5143726112788527,-1.2594990000000004,51.76104347999999,293.3919377,15.0,3.0,-54347.63923073072
1216,8,569,8.84557892197455,-1.376066779615031,-1.2595681399999998,51.76111016000001,294.80210302,15.0,3.0,-26633.556698378008
1217,8,570,8.717157853940067,-1.7988975650403112,-1.2596326599999998,51.761177,296.20062196000003,15.0,3.0,-29237.484049574192
1218,8,571,8.45878667060978,-3.2233885160304037,-1.2596921428571428,51.76124287755102,297.5784556938775,15.0,3.0,-60578.31559027889
1219,8,572,8.13476480312642,-3.2491253641136817,-1.2597466274509805,51.761308078431384,299.0186104509803,15.0,3.0,110.4307578612563
1220,8,573,7.829194567271639,-3.177029806111817,-1.2597969600000003,51.76137215999998,300.4535743,15.0,3.0,-33928.05895183039
1221,8,574,7.507325278319743,-3.40150612824225,-1.2598425600000003,51.76143366000001,301.90372328000007,15.0,3.0,-101047.85592435877
1222,8,575,7.102588217223782,-5.8243386777441275,-1.2598830408163266,51.76149238775511,303.34699634693885,15.0,3.0,-178259.3847562558
1223,8,576,6.432963367278318,-7.026709150016968,-1.2599188,51.761546919999994,304.7794339000001,15.0,3.0,-185254.22567518338
1224,8,577,5.734117643514533,-7.186916980801824,-1.2599504600000002,51.761596259999976,306.25292508,15.0,3.0,-134956.86934553116
1225,8,578,5.043533383648747,-6.92867217149326,-1.2599781400000003,51.76163949999998,307.723108,15.0,3.0,-91299.50427526716
1226,8,579,4.288141364308791,-8.483302246456532,-1.2600023137254897,51.76167690196078,309.2175700196078,15.0,3.0,-54208.24732471243
1227,8,580,3.4213176638409686,-8.742372415466237,-1.2600222653061226,51.76170636734696,310.7094211428571,15.0,3.0,-45358.59454016086
1228,8,581,2.6241209804906593,-8.099783394307543,-1.2600377200000004,51.76172752,312.176339,15.0,3.0,-51991.84748958915
1229,8,582,1.8950262980220798,-5.882438937273364,-1.2600490588235294,51.76174082352939,313.6702365490196,15.0,3.0,-19899.68675069213
1230,8,583,1.5679533593876331,-1.1481991988718416,-1.2600561224489804,51.761746061224464,315.16101487755105,15.0,3.0,-599.6397311242022
1231,8,584,1.0123540430657088,-10.346271558009336,-1.259884470588234,51.76169258823533,190.64858176470582,15.0,3.0,-5755.213307789808
1232,8,585,0.476184980182649,0.0461825704225304,-1.259702299999999,51.76163545999998,59.17642872,15.74,3.0,-1505.4737099068616
1233,8,586,0.2620356924594661,-4.757287181991913,-1.2597672040816337,51.7616350612245,89.344357877551,16.0,3.0,-1245.6786318229092
1234,8,587,0.014265495472618024,-0.05101389840448639,-1.2598432800000017,51.76163685999996,125.24379068,16.0,3.0,108.48633971387093
1235,8,588,0.01079447573480084,-0.017030427479852325,-1.2598438200000006,51.76163926,126.8696512,16.0,3.0,40.30581142040003
1236,8,589,0.010602657334385757,0.01089544880329768,-1.259842340000001,51.761641839999996,128.40611938,16.0,3.0,-63.62703662168931
1237,8,590,0.011213272925238606,0.01926421903714908,-1.2598431199999998,51.761644719999985,130.34554377999999,16.0,3.0,-82.04940888955738
1238,8,591,0.013037432682143173,0.010276406074293228,-1.2598406199999994,51.761646040000024,131.93202342000004,16.0,3.0,-46.82907841170036
1239,8,592,0.013435164673170758,0.015790854258111175,-1.2598398400000006,51.761644039999986,132.80692052000003,16.0,3.0,-127.58101776744623
1240,8,593,0.015326191221032957,0.01606885151987992,-1.2598396800000013,51.76164295999999,134.19053124,16.0,3.0,-123.56229265424695
1241,8,594,0.0162119843604971,0.007915068013328232,-1.2598356999999998,51.76163982000005,135.27242941999998,16.0,3.0,165.6220449657025
1242,8,595,0.017282663083130943,0.01149877840072341,-1.2598307999999996,51.76163422000001,135.72154,16.0,3.0,26.232763776818437
1243,8,596,0.01805672068245934,0.0078101005565105516,-1.2598267199999995,51.761629,136.66030862000002,16.0,3.0,-86.20601180192502
1244,8,597,0.018155353362502836,-0.004676262319101245,-1.259822294117647,51.7616227450981,137.63145343137256,16.0,3.0,-38.93116579957708
1245,8,598,0.018962667567184236,0.025406657214925518,-1.259815428571428,51.761618632653104,138.5483859387755,16.0,3.0,-42.02669867861706
1246,8,599,0.019196835291758824,0.0070183549452758195,-1.2598079200000007,51.761614779999974,139.53413334,16.0,3.0,-126.26594796896552
1247,8,600,0.019786526356959135,-0.00932449341460816,-1.259801340000001,51.761608499999966,140.08602963999996,16.0,3.0,213.6532060819395
1248,8,601,0.018662269687143716,-0.008009463404425094,-1.2597933921568614,51.76160129411768,140.0581075098039,16.0,3.0,107.04294241676143
1249,8,602,0.017044979652198273,-0.003392523638878553,-1.2597867346938791,51.761594877551026,139.98872573469387,16.0,3.0,271.696857504442
1250,8,603,0.01643069903108291,-0.002485211889165288,-1.25978222,51.761590100000014,140.28055852000003,16.0,3.0,122.27913699522101
1251,8,604,0.016412559320660575,0.004790682062670361,-1.259776940000001,51.76158766000001,140.80264623999997,16.0,3.0,39.59805180124351
1252,8,605,0.015086548911658424,-0.031333781829672475,-1.2597708000000003,51.76158424000005,141.03867693999996,16.0,3.0,193.6834988690619
1253,8,606,0.012768844919300549,-0.002132791446204373,-1.25976582,51.76158050000003,141.01210536000005,16.0,3.0,183.48280370553704
1254,8,607,0.010577039347336415,-0.033796960245228644,-1.2597621199999987,51.76157712000001,141.02546486,16.0,3.0,126.34985004952155
1255,8,608,0.00872148312551898,-0.013797816312277174,-1.2597597199999993,51.76157473999998,141.04257238,16.0,3.0,40.825766514959625
1256,8,609,0.008473700430802089,-0.001735820907654942,-1.2597587000000001,51.76157494000004,141.45929614000005,16.0,3.0,-3.6350984529204253
1257,8,610,0.007178327082345409,-0.010049474923040569,-1.25975874,51.76157756000006,142.23908023999996,16.0,3.0,22.000277529758637
1258,8,611,0.006304984692455282,-0.007519859481616784,-1.2597565600000014,51.76157412000001,141.88686648000004,16.0,3.0,1.785989928851123
1259,8,612,0.006098258368347051,-0.0053139776879809145,-1.2597560000000012,51.76156993999999,141.46371064000002,16.0,3.0,-29.856932067625234
1260,8,613,0.00614001474581517,0.021782660703465743,-1.2597564000000003,51.76156995999999,141.69285256,16.0,3.0,6.517073699045892
1261,8,614,0.00593950732947776,-0.015424200335774383,-1.2597547200000005,51.76156885999998,141.48448363999995,16.0,3.0,-9.458519108537011
1262,8,615,0.005913624038287875,0.0034655849275991523,-1.259750579999999,51.76156617999996,140.5968713,16.0,3.0,21.5454245606458
1263,8,616,0.0062573465196666435,-0.011082336577841906,-1.2597503600000002,51.76156499999996,140.49251736,16.0,3.0,9.03777726247731
1264,8,617,0.0053268563116886354,-0.0036372968790259635,-1.259750559999999,51.76156499999996,140.56531142000003,16.0,3.0,-2.840167616504047
1265,8,618,0.12004714509580268,4.336059924437247,-1.2597644399999999,51.76157908000002,137.97581434000003,16.0,3.0,762.3048430727563
1266,8,619,1.144170218138357,14.628066086087875,-1.2598060600000003,51.76161776000001,127.64995594,16.0,3.0,34665.582828535844
1267,8,620,2.565074714179622,14.151664399046242,-1.2598410200000003,51.761652199999986,117.44598602000003,16.0,3.0,76567.219831367
1268,8,621,3.8721725270173915,12.285327543739228,-1.2598573000000002,51.7616798,116.89636164,16.0,3.0,95940.77307912766
1269,8,622,4.848686784539537,7.348851812647661,-1.2598834799999998,51.761715160000016,115.83735123999998,16.0,3.0,86047.14380032843
1270,8,623,5.403079538577078,4.6724588999700885,-1.25992764,51.761750580000026,114.66840013999997,16.0,3.0,67203.847747299
1271,8,624,5.738290050308763,2.582111356752301,-1.2599932999999999,51.76177622000001,113.91220249999998,16.0,3.0,46823.87538333461
1272,8,625,5.799840973891284,-1.9416354702702145,-1.26007238,51.76178696,113.01764332000005,16.0,3.0,-10125.957931972582
1273,8,626,5.486818953353279,-3.1920665732155675,-1.2601543000000002,51.76179235999997,113.01149524000002,16.0,3.0,-30538.154607146244
1274,8,627,5.398907070500018,1.503141790877101,-1.26023016,51.76180166000003,112.64646868000001,16.0,3.0,13759.839289625106
1275,8,628,5.663410329500185,3.598687717355765,-1.2603015599999998,51.76182225999999,112.28687371999999,16.0,3.0,18003.097418633908
1276,8,629,6.116894696751317,5.521127445022025,-1.2603620400000002,51.76185832,111.89264008,16.0,3.0,35644.179533031835
1277,8,630,6.6936779994249695,6.326199046269441,-1.2604075200000002,51.76190805999999,111.71660628,16.0,3.0,62923.793722887516
1278,8,631,7.32436399894219,6.043642731470169,-1.2604376199999998,51.761968100000004,111.57257901999999,16.0,3.0,74171.68981377115
1279,8,632,7.859005012433135,4.943557692336827,-1.2604581199999998,51.76203544,111.6374085,16.0,3.0,75957.24017273792
1280,8,633,8.283014461316787,4.216384922496586,-1.26047618,51.76210736000001,111.74156293999998,16.0,3.0,65733.30655817915
1281,8,634,8.581151379918492,1.6450595542762405,-1.2604939600000005,51.76218258000001,111.76377957999999,16.0,3.0,28296.39699496781
1282,8,635,8.654500035710441,0.09126590790568302,-1.2605114200000003,51.76225934,111.75036528000001,16.0,3.0,-4.939570892755655
1283,8,636,8.638015800710757,-0.3414963997137788,-1.2605292,51.76233626000001,111.7093016,16.0,3.0,-12294.08314673157
1284,8,637,8.601936701415163,-0.8611097798447109,-1.2605468999999998,51.76241287999999,111.65844518,16.0,3.0,-23710.13626118422
1285,8,638,8.38550589735783,-3.2880894065722703,-1.2605643,51.762488559999994,111.61698076000002,16.0,3.0,-58710.3933558519
1286,8,639,8.065990122556727,-3.1794536579456434,-1.2605804200000004,51.762561620000014,111.57803444000001,16.0,3.0,-56600.625770676554
1287,8,640,7.7604515505288045,-2.8966982739378118,-1.2605951399999997,51.76263201999999,111.53101099999998,16.0,3.0,-59647.02940360972
1288,8,641,7.427186538322307,-4.308351180565896,-1.2606089199999997,51.76269970000001,111.49726339999998,16.0,3.0,-66071.36845448505
1289,8,642,6.804564555084496,-8.125513661200564,-1.260621568627451,51.762763901960774,111.47641174509806,16.0,3.0,-118338.52673714358
1290,8,643,5.917968912398378,-9.507264563298792,-1.2606336530612248,51.76282055102041,111.41801473469387,16.0,3.0,-126445.38842998602
1291,8,644,5.171404921959399,-5.0513518967022035,-1.26064918,51.762868600000004,111.35272749999999,16.0,3.0,-66333.31951230846
1292,8,645,4.826707829151864,-3.5735659553861643,-1.26067806,51.76290908,111.255118,16.0,3.0,-65137.90324516923
1293,8,646,4.6882349836040245,1.2203128645420311,-1.26072506,51.76293872,111.03861361999998,16.0,3.0,-46086.86534300737
1294,8,647,5.112094401114606,7.404069754022645,-1.26078858,51.76295572000003,110.77282073999999,16.0,3.0,19810.73650744744
1295,8,648,5.936150314496936,8.53354385693978,-1.2608677599999998,51.76295763999999,110.46835639999999,16.0,3.0,35125.78779285372
1296,8,649,6.7948890051027355,8.947278571419627,-1.2609577,51.76294582000001,110.1563467,16.0,3.0,63052.99089606847
1297,8,650,7.563391198865636,6.279244709516953,-1.2610572600000003,51.76292668,109.86904770000001,16.0,3.0,41895.651875095384
1298,8,651,8.078643100253098,4.870062187593997,-1.2611647199999998,51.76290420000001,109.61086637999999,16.0,3.0,25808.252444810783
1299,8,652,8.47217920907042,2.8830405725490573,-1.2612780399999999,51.76287949999998,109.36409329999996,16.0,3.0,14376.61810883148
1300,8,653,8.644790866713103,0.8203469896619218,-1.26139528,51.76285426000002,109.20293230000003,16.0,3.0,-12062.024428580247
1301,8,654,8.661010938654034,0.12521670908245255,-1.2615137,51.76282867999998,109.07626294000002,16.0,3.0,-19865.314462473485
1302,8,655,8.66966984694392,0.20828799057151726,-1.2616320600000004,51.76280280000001,108.95262109999997,16.0,3.0,-18106.29281307019
1303,8,656,8.669027479429284,-0.38456798229739325,-1.2617506200000002,51.76277701999999,108.81594240000003,16.0,3.0,-34499.321340700335
1304,8,657,8.64049995719945,0.07745470315196719,-1.2618703529411768,51.76275174509805,108.65281347058823,16.0,3.0,-31130.43317436493
1305,8,658,8.639905620303766,0.06068071623522094,-1.2619889591836735,51.76272695918368,108.49149610204084,16.0,3.0,-26209.43941946547
1306,8,659,8.634209332730176,-0.4600704303703917,-1.2621064800000001,51.76270267999999,108.33779208000001,16.0,3.0,-37485.704335563445
1307,8,660,8.44474629636216,-3.1803365961720464,-1.262224,51.76267818000001,108.20359479999999,16.0,3.0,-75373.58141807718
1308,8,661,8.123474614537042,-3.28840174946156,-1.2623374999999997,51.76265389999999,108.08790512000003,16.0,3.0,-72219.54185736037
1309,8,662,7.774779367874508,-3.9742366137483778,-1.2624462200000002,51.762630320000014,107.97695663999997,16.0,3.0,-83819.71745522485
1310,8,663,7.415194023468251,-3.482625561800001,-1.2625462999999997,51.76260687999999,108.10128411999996,16.0,3.0,-65021.854325709304
1311,8,664,7.025785090589762,-5.697607370023072,-1.2626415,51.762584560000015,108.23702338000002,16.0,3.0,-93770.71916140309
1312,8,665,6.217096572094601,-9.565545099053795,-1.2627317799999997,51.76256425999999,108.22445913999998,16.0,3.0,-126757.78304302733
1313,8,666,5.250410110421273,-10.167511565197922,-1.2628096599999998,51.76254584,108.20782127999998,16.0,3.0,-108134.30044745286
1314,8,667,4.164127982343946,-12.406370016163784,-1.2628727400000002,51.76252922000001,108.21465138000003,16.0,3.0,-98700.42700715737
1315,8,668,3.134704035265238,-7.453888297893309,-1.2629195399999997,51.76251493999999,108.22609888000002,16.0,3.0,-47611.48266418632
1316,8,669,2.53389844400714,-5.346122884357134,-1.2629549600000003,51.76250236000001,108.23151272000003,16.0,3.0,-25000.205094901357
1317,8,670,2.1557322209381313,-2.409227115867548,-1.26298284,51.76249068000001,108.22808681999997,16.0,3.0,-11642.757911321505
1318,8,671,2.227608750267479,4.198672051965004,-1.2630068600000002,51.762478580000014,108.22483738000001,16.0,3.0,21238.554537294654
1319,8,672,2.87962831828323,8.549346057111551,-1.2630315,51.76246206,108.23193924000005,16.0,3.0,57083.544986210836
1320,8,673,3.7028533809014648,8.606297460690866,-1.2630525400000003,51.762435880000005,108.28766229999995,16.0,3.0,79136.82505194732
1321,8,674,4.689404882677265,11.251401578611432,-1.26305574,51.76239896000001,108.30145512000001,16.0,3.0,100026.91500731277
1322,8,675,5.742672788611132,10.446884606198683,-1.26303424,51.76235410000001,108.23444792000002,16.0,3.0,107022.14582608234
1323,8,676,6.712934944567698,9.213723994310678,-1.26299388,51.76229866,108.37372071999998,16.0,3.0,101938.51246424479
1324,8,677,7.541768839852565,8.034089769876509,-1.26294432,51.762235819999994,108.55592910000001,16.0,3.0,105097.28642448541
1325,8,678,8.244771366069308,6.542303334204604,-1.2628937,51.76217138000002,108.48415564000001,16.0,3.0,94047.65464019921
1326,8,679,8.788965078108438,4.7749174293429055,-1.26283658,51.76210100000001,108.50580356,16.0,3.0,67386.44404464863
1327,8,680,9.18414459532969,3.432209112001025,-1.2627771,51.762026999999996,108.55698203999998,16.0,3.0,44168.670938499665
1328,8,681,9.42517460876428,1.5611434264561013,-1.2627185,51.76195062000001,108.34161809999999,16.0,3.0,16873.1954893339
1329,8,682,9.515510473721301,0.20545434630610657,-1.2626617199999999,51.76187345999999,108.6564916,16.0,3.0,-6965.615604203271
1330,8,683,9.475988251195135,-0.8918478320991913,-1.26260686,51.76179723999999,110.04234078000002,16.0,3.0,-11745.697330338326
1331,8,684,9.390769057329948,-0.6957193777113646,-1.2625505799999999,51.76172118,110.90815983999997,16.0,3.0,-18469.64218099263
1332,8,685,9.336468921918193,-0.679739915740967,-1.26249338,51.761645,111.19288357999996,16.0,3.0,-16413.403349185184
1333,8,686,9.196542457797074,-2.310815966873818,-1.2624350000000002,51.76156904,110.93719598,16.0,3.0,-41925.68191149084
1334,8,687,8.998105936094785,-1.3018095349073961,-1.2623783000000002,51.76149488000001,110.78500336000005,16.0,3.0,-27369.312209214917
1335,8,688,8.958031242604036,-0.23305332181185484,-1.26232382,51.76142126,110.76440583999998,16.0,3.0,-6019.292460302325
1336,8,689,8.895280014796201,-1.0214799586987224,-1.2622705000000003,51.76134759999999,110.77732842000002,16.0,3.0,-19504.713329540013
1337,8,690,8.76492438552147,-1.9247270064988087,-1.2622174800000001,51.7612749,110.79444971999997,16.0,3.0,-30164.683844794337
1338,8,691,8.533940948807322,-2.548196670683158,-1.26216568,51.76120368,110.84174907999999,16.0,3.0,-37369.22712411045
1339,8,692,8.217664975248368,-3.6456646028125492,-1.26211612,51.76113464,110.83976872,16.0,3.0,-53103.37335633742
1340,8,693,7.822802059786547,-5.590272822758909,-1.2620694399999999,51.76106844000001,110.91086856000001,16.0,3.0,-74672.34277844137
1341,8,694,7.078310820371147,-8.338956936692396,-1.26202688,51.761006600000016,110.97088005999998,16.0,3.0,-108339.69766415145
1342,8,695,6.247936806569425,-9.084384676867638,-1.2619890200000001,51.76095118,111.02684059999997,16.0,3.0,-108204.09537918195
1343,8,696,5.301835218706592,-10.794752667662372,-1.2619561799999999,51.76090331999999,111.03870073999998,16.0,3.0,-110324.85952851448
1344,8,697,4.197437783932346,-11.867134560401684,-1.26192684,51.76086423999998,110.94805122,16.0,3.0,-100713.25927349454
1345,8,698,3.1369101026682404,-9.437553132896108,-1.26189532,51.76083778000001,110.83516500000003,16.0,3.0,-66800.00170106874
1346,8,699,2.366250249521421,-8.128259781432256,-1.2618615400000004,51.76082452000004,110.72488169999997,16.0,3.0,-60432.42730710816
1347,8,700,1.5706727801175828,-6.991666740785933,-1.2618337999999998,51.76082054,110.53343314,16.0,3.0,-34260.19815853045
1348,8,701,1.104328069768163,-3.046302123573315,-1.26181512,51.76082122000006,110.52152012000002,16.0,3.0,1551.8012318413957
1349,8,702,0.8695400781923709,-2.25428107226804,-1.2618014599999996,51.76082284000002,110.67030086000003,16.0,3.0,1190.7544472899299
1350,8,703,0.7381061284909519,-0.09462813530364084,-1.2617907999999998,51.76082478000003,110.74864283999997,16.0,3.0,830.3074359723631
1351,8,704,0.8176112637441778,1.4337389874995186,-1.2617805799999997,51.760827099999986,110.82661149999998,16.0,3.0,4363.441897855208
1352,8,705,0.7015775140591819,-4.634765162501669,-1.2617696800000004,51.76082995999998,110.92650644000001,16.0,3.0,-4335.479522207849
1353,8,706,0.21878917529779315,-4.574269428727058,-1.261763720000001,51.76083155999998,110.97161033999998,16.0,3.0,-1410.2509816637132
1354,8,707,0.010311026948804217,0.050099651580640975,-1.2617630000000006,51.76083199999997,110.93544341999997,16.0,3.0,-6.733233480825179
1355,8,708,0.010444814997117635,0.03440649636647955,-1.2617630000000006,51.76083199999997,110.87744828,16.0,3.0,24.788537388075852
1356,8,709,0.01674019554666247,0.07386742704385929,-1.2617630000000006,51.76083199999997,110.89155973999998,16.0,3.0,126.92703278051547
1357,8,710,0.015833635817332527,-0.11840846109078036,-1.2617625799999985,51.76083158000002,110.77935521999996,16.0,3.0,40.364282475086625
1358,8,711,0.009877992496065434,0.007074689292913364,-1.2617619999999992,51.760831000000046,110.60164943999996,16.0,3.0,-5.981831247239852
1359,8,712,0.01004529632596652,0.005120606907605296,-1.2617615800000002,51.760831000000046,110.57704420000002,16.0,3.0,17.742587513388244
1360,8,713,0.011830364120502923,0.014527407345635046,-1.26176136,51.760831000000046,110.55236574,16.0,3.0,-9.456285706613015
1361,8,714,0.014470412762003296,0.03281428327609704,-1.261761,51.760831000000046,110.53925917999999,16.0,3.0,-29.407890884705566
1362,8,715,0.01797300689224298,0.049026624582565494,-1.261761,51.760831000000046,110.54758932,16.0,3.0,115.32595228705293
1363,8,716,0.09199200959708748,1.9790427428078887,-1.26176098,51.760831000000046,110.55687522000002,16.0,3.0,1525.206620347766
1364,8,717,0.3756553974620293,4.193323117693791,-1.2617584400000006,51.76083227999996,110.53745556,16.0,3.0,8223.552412811227
1365,8,718,1.0410752563134016,8.594211500440373,-1.26174972,51.76083513999998,110.43502877999995,16.0,3.0,19676.613123067767
1366,8,719,1.894594243486918,8.139898436844543,-1.2617307799999997,51.76084155999998,110.32016766000002,16.0,3.0,28763.14474044785
1367,8,720,2.4058763816372704,2.6643466834054066,-1.26170248,51.76085180000001,110.31282158,16.0,3.0,860.3800820333907
1368,8,721,2.6981156705061857,3.777229341606557,-1.26167018,51.760864839999996,110.36517166000002,16.0,3.0,15672.18706914448
1369,8,722,3.0047624793540377,2.0858107690073187,-1.26163384,51.760879239999994,110.44493005999998,16.0,3.0,9749.431124260906
1370,8,723,3.0898249327327756,0.06474102675078722,-1.26159204,51.760889579999954,110.46379667999996,16.0,3.0,485.46409588589836
1371,8,724,3.0688351714175393,-0.6670323735436479,-1.2615624705882353,51.760891294117656,110.44954382352941,16.0,3.0,9281.231291634582
